path,sample_id,label,generator,raw_logit,score,prediction,correct
/root/autodl-tmp/probe-dinov2-bfree-20261001/data/probe_eval_data/real/r00b8d4a2t.png,r00b8d4a2t:raise,0,raise,-9.504671096801758,7.44974531698972e-05,0,1
/root/autodl-tmp/probe-dinov2-bfree-20261001/data/probe_eval_data/real/r00c4a543t.png,r00c4a543t:raise,0,raise,-9.017613410949707,0.00012124046770622954,0,1
/root/autodl-tmp/probe-dinov2-bfree-20261001/data/probe_eval_data/real/r0141f0c9t.png,r0141f0c9t:raise,0,raise,-8.954649925231934,0.00012911861995235085,0,1
/root/autodl-tmp/probe-dinov2-bfree-20261001/data/probe_eval_data/real/r01a5f38at.png,r01a5f38at:raise,0,raise,-5.250464916229248,0.00521771190688014,0,1
/root/autodl-tmp/probe-dinov2-bfree-20261001/data/probe_eval_data/real/r021429abt.png,r021429abt:raise,0,raise,-6.852294445037842,0.0010559115326032043,0,1
/root/autodl-tmp/probe-dinov2-bfree-20261001/data/probe_eval_data/real/r0225b88bt.png,r0225b88bt:raise,0,raise,-9.020692825317383,0.00012086772767361253,0,1
/root/autodl-tmp/probe-dinov2-bfree-20261001/data/probe_eval_data/real/r02354285t.png,r02354285t:raise,0,raise,-7.984704971313477,0.00034051697002723813,0,1
/root/autodl-tmp/probe-dinov2-bfree-20261001/data/probe_eval_data/real/r02a0839et.png,r02a0839et:raise,0,raise,-6.5092267990112305,0.0014874152839183807,0,1
/root/autodl-tmp/probe-dinov2-bfree-20261001/data/probe_eval_data/real/r02b7536at.png,r02b7536at:raise,0,raise,-9.416247367858887,8.138425619108602e-05,0,1
/root/autodl-tmp/probe-dinov2-bfree-20261001/data/probe_eval_data/real/r03bf5648t.png,r03bf5648t:raise,0,raise,-6.850764274597168,0.0010575266787782311,0,1
/root/autodl-tmp/probe-dinov2-bfree-20261001/data/probe_eval_data/real/r03f70ccdt.png,r03f70ccdt:raise,0,raise,-8.164409637451172,0.00028452364495024085,0,1
/root/autodl-tmp/probe-dinov2-bfree-20261001/data/probe_eval_data/real/r042d5308t.png,r042d5308t:raise,0,raise,-9.068593978881836,0.00011521516717039049,0,1
/root/autodl-tmp/probe-dinov2-bfree-20261001/data/probe_eval_data/real/r042d7b17t.png,r042d7b17t:raise,0,raise,-6.553009033203125,0.0014237887226045132,0,1
/root/autodl-tmp/probe-dinov2-bfree-20261001/data/probe_eval_data/real/r04989a70t.png,r04989a70t:raise,0,raise,-8.338910102844238,0.0002389755827607587,0,1
/root/autodl-tmp/probe-dinov2-bfree-20261001/data/probe_eval_data/real/r05243256t.png,r05243256t:raise,0,raise,-6.780811309814453,0.0011340657947584987,0,1
/root/autodl-tmp/probe-dinov2-bfree-20261001/data/probe_eval_data/real/r066ef803t.png,r066ef803t:raise,0,raise,-7.470420837402344,0.0005693641724064946,0,1
/root/autodl-tmp/probe-dinov2-bfree-20261001/data/probe_eval_data/real/r0670f47ft.png,r0670f47ft:raise,0,raise,-6.960641384124756,0.0009475892293266952,0,1
/root/autodl-tmp/probe-dinov2-bfree-20261001/data/probe_eval_data/real/r06743f8ft.png,r06743f8ft:raise,0,raise,-7.827166557312012,0.00039859479875303805,0,1
/root/autodl-tmp/probe-dinov2-bfree-20261001/data/probe_eval_data/real/r06888d38t.png,r06888d38t:raise,0,raise,-8.226431846618652,0.0002674175484571606,0,1
/root/autodl-tmp/probe-dinov2-bfree-20261001/data/probe_eval_data/real/r06b7849at.png,r06b7849at:raise,0,raise,-7.045121192932129,0.0008708920795470476,0,1
/root/autodl-tmp/probe-dinov2-bfree-20261001/data/probe_eval_data/real/r06bfc92at.png,r06bfc92at:raise,0,raise,-8.013692855834961,0.0003307910228613764,0,1
/root/autodl-tmp/probe-dinov2-bfree-20261001/data/probe_eval_data/real/r06cad2d6t.png,r06cad2d6t:raise,0,raise,-9.359823226928711,8.610790246166289e-05,0,1
/root/autodl-tmp/probe-dinov2-bfree-20261001/data/probe_eval_data/real/r0703243bt.png,r0703243bt:raise,0,raise,-9.27405071258545,9.381887502968311e-05,0,1
/root/autodl-tmp/probe-dinov2-bfree-20261001/data/probe_eval_data/real/r07598392t.png,r07598392t:raise,0,raise,-9.245535850524902,9.653234883444384e-05,0,1
/root/autodl-tmp/probe-dinov2-bfree-20261001/data/probe_eval_data/real/r0773471dt.png,r0773471dt:raise,0,raise,-8.766524314880371,0.0001558400981593877,0,1
/root/autodl-tmp/probe-dinov2-bfree-20261001/data/probe_eval_data/real/r07d5eb94t.png,r07d5eb94t:raise,0,raise,-8.579412460327148,0.00018790006288327277,0,1
/root/autodl-tmp/probe-dinov2-bfree-20261001/data/probe_eval_data/real/r0809811bt.png,r0809811bt:raise,0,raise,-8.668203353881836,0.00017193822714034468,0,1
/root/autodl-tmp/probe-dinov2-bfree-20261001/data/probe_eval_data/real/r085bdbe2t.png,r085bdbe2t:raise,0,raise,-9.446398735046387,7.896722672739998e-05,0,1
/root/autodl-tmp/probe-dinov2-bfree-20261001/data/probe_eval_data/real/r088dcebft.png,r088dcebft:raise,0,raise,-6.109628200531006,0.0022164529655128717,0,1
/root/autodl-tmp/probe-dinov2-bfree-20261001/data/probe_eval_data/real/r08b05c94t.png,r08b05c94t:raise,0,raise,-5.366429328918457,0.004649064503610134,0,1
/root/autodl-tmp/probe-dinov2-bfree-20261001/data/probe_eval_data/real/r08f2d4c6t.png,r08f2d4c6t:raise,0,raise,-9.126422882080078,0.00010874208965105936,0,1
/root/autodl-tmp/probe-dinov2-bfree-20261001/data/probe_eval_data/real/r097088c1t.png,r097088c1t:raise,0,raise,-8.594097137451172,0.00018516146519687027,0,1
/root/autodl-tmp/probe-dinov2-bfree-20261001/data/probe_eval_data/real/r09c8e042t.png,r09c8e042t:raise,0,raise,-8.29628849029541,0.0002493787033017725,0,1
/root/autodl-tmp/probe-dinov2-bfree-20261001/data/probe_eval_data/real/r09dc6407t.png,r09dc6407t:raise,0,raise,-4.665294647216797,0.009328629821538925,0,1
/root/autodl-tmp/probe-dinov2-bfree-20261001/data/probe_eval_data/real/r0a42c0f6t.png,r0a42c0f6t:raise,0,raise,-6.80328893661499,0.00110888690687716,0,1
/root/autodl-tmp/probe-dinov2-bfree-20261001/data/probe_eval_data/real/r0a54ed98t.png,r0a54ed98t:raise,0,raise,-8.884063720703125,0.00013856067380402237,0,1
/root/autodl-tmp/probe-dinov2-bfree-20261001/data/probe_eval_data/real/r0b13d2a2t.png,r0b13d2a2t:raise,0,raise,-9.02454948425293,0.00012040253932354972,0,1
/root/autodl-tmp/probe-dinov2-bfree-20261001/data/probe_eval_data/real/r0b4d8af5t.png,r0b4d8af5t:raise,0,raise,-9.477827072143555,7.652420026715845e-05,0,1
/root/autodl-tmp/probe-dinov2-bfree-20261001/data/probe_eval_data/real/r0ba4c4c0t.png,r0ba4c4c0t:raise,0,raise,-7.674893379211426,0.00046412457595579326,0,1
/root/autodl-tmp/probe-dinov2-bfree-20261001/data/probe_eval_data/real/r0c03e364t.png,r0c03e364t:raise,0,raise,-8.972688674926758,0.00012681065709330142,0,1
/root/autodl-tmp/probe-dinov2-bfree-20261001/data/probe_eval_data/real/r0c9910e4t.png,r0c9910e4t:raise,0,raise,-2.8311352729797363,0.05566468834877014,0,1
/root/autodl-tmp/probe-dinov2-bfree-20261001/data/probe_eval_data/real/r0e5b5159t.png,r0e5b5159t:raise,0,raise,-10.058263778686523,4.282850932213478e-05,0,1
/root/autodl-tmp/probe-dinov2-bfree-20261001/data/probe_eval_data/real/r0e661e0dt.png,r0e661e0dt:raise,0,raise,-10.086115837097168,4.165215068496764e-05,0,1
/root/autodl-tmp/probe-dinov2-bfree-20261001/data/probe_eval_data/real/r0eab8214t.png,r0eab8214t:raise,0,raise,-7.920912742614746,0.0003629389975685626,0,1
/root/autodl-tmp/probe-dinov2-bfree-20261001/data/probe_eval_data/real/r0eba1984t.png,r0eba1984t:raise,0,raise,-8.304634094238281,0.0002473066560924053,0,1
/root/autodl-tmp/probe-dinov2-bfree-20261001/data/probe_eval_data/real/r0ebb0bb4t.png,r0ebb0bb4t:raise,0,raise,-8.875910758972168,0.0001396948064211756,0,1
/root/autodl-tmp/probe-dinov2-bfree-20261001/data/probe_eval_data/real/r0ed019a4t.png,r0ed019a4t:raise,0,raise,-10.133722305297852,3.971577825723216e-05,0,1
/root/autodl-tmp/probe-dinov2-bfree-20261001/data/probe_eval_data/real/r0ed844b5t.png,r0ed844b5t:raise,0,raise,-10.002288818359375,4.529408033704385e-05,0,1
/root/autodl-tmp/probe-dinov2-bfree-20261001/data/probe_eval_data/real/r0f5475b5t.png,r0f5475b5t:raise,0,raise,-5.773897171020508,0.0030979954171925783,0,1
/root/autodl-tmp/probe-dinov2-bfree-20261001/data/probe_eval_data/real/r0f91c753t.png,r0f91c753t:raise,0,raise,-7.013997554779053,0.0008983988664112985,0,1
/root/autodl-tmp/probe-dinov2-bfree-20261001/data/probe_eval_data/real/r0ff7a848t.png,r0ff7a848t:raise,0,raise,-3.17545223236084,0.04010001942515373,0,1
/root/autodl-tmp/probe-dinov2-bfree-20261001/data/probe_eval_data/real/r10a207det.png,r10a207det:raise,0,raise,-8.787732124328613,0.00015257035556714982,0,1
/root/autodl-tmp/probe-dinov2-bfree-20261001/data/probe_eval_data/real/r110f894ft.png,r110f894ft:raise,0,raise,-5.9290313720703125,0.0026539957616478205,0,1
/root/autodl-tmp/probe-dinov2-bfree-20261001/data/probe_eval_data/real/r113402d4t.png,r113402d4t:raise,0,raise,-8.15527057647705,0.00028713507344946265,0,1
/root/autodl-tmp/probe-dinov2-bfree-20261001/data/probe_eval_data/real/r116ce066t.png,r116ce066t:raise,0,raise,-6.781540870666504,0.0011332397116348147,0,1
/root/autodl-tmp/probe-dinov2-bfree-20261001/data/probe_eval_data/real/r1234de87t.png,r1234de87t:raise,0,raise,-8.758157730102539,0.0001571491884533316,0,1
/root/autodl-tmp/probe-dinov2-bfree-20261001/data/probe_eval_data/real/r126a22b8t.png,r126a22b8t:raise,0,raise,-5.3200883865356445,0.0048685031943023205,0,1
/root/autodl-tmp/probe-dinov2-bfree-20261001/data/probe_eval_data/real/r1297fd0bt.png,r1297fd0bt:raise,0,raise,-6.679887294769287,0.0012543441262096167,0,1
/root/autodl-tmp/probe-dinov2-bfree-20261001/data/probe_eval_data/real/r12cebbd2t.png,r12cebbd2t:raise,0,raise,-8.984966278076172,0.00012526343925856054,0,1
/root/autodl-tmp/probe-dinov2-bfree-20261001/data/probe_eval_data/real/r12d4cabat.png,r12d4cabat:raise,0,raise,-6.30697774887085,0.0018202168866991997,0,1
/root/autodl-tmp/probe-dinov2-bfree-20261001/data/probe_eval_data/real/r12f3bbfat.png,r12f3bbfat:raise,0,raise,-8.009593963623047,0.00033214924042113125,0,1
/root/autodl-tmp/probe-dinov2-bfree-20261001/data/probe_eval_data/real/r13b45303t.png,r13b45303t:raise,0,raise,-8.158149719238281,0.0002863098052330315,0,1
/root/autodl-tmp/probe-dinov2-bfree-20261001/data/probe_eval_data/real/r13b5b161t.png,r13b5b161t:raise,0,raise,-9.630940437316895,6.566094816662371e-05,0,1
/root/autodl-tmp/probe-dinov2-bfree-20261001/data/probe_eval_data/real/r14902ba4t.png,r14902ba4t:raise,0,raise,-9.306282043457031,9.084344492293894e-05,0,1
/root/autodl-tmp/probe-dinov2-bfree-20261001/data/probe_eval_data/real/r150058a4t.png,r150058a4t:raise,0,raise,-7.623053550720215,0.0004888072144240141,0,1
/root/autodl-tmp/probe-dinov2-bfree-20261001/data/probe_eval_data/real/r1554cfadt.png,r1554cfadt:raise,0,raise,-7.9577789306640625,0.0003498070582281798,0,1
/root/autodl-tmp/probe-dinov2-bfree-20261001/data/probe_eval_data/real/r15a0b476t.png,r15a0b476t:raise,0,raise,-7.5908308029174805,0.0005048063467256725,0,1
/root/autodl-tmp/probe-dinov2-bfree-20261001/data/probe_eval_data/real/r162b2209t.png,r162b2209t:raise,0,raise,-9.659500122070312,6.381233833963051e-05,0,1
/root/autodl-tmp/probe-dinov2-bfree-20261001/data/probe_eval_data/real/r16422663t.png,r16422663t:raise,0,raise,-6.013308525085449,0.00244001392275095,0,1
/root/autodl-tmp/probe-dinov2-bfree-20261001/data/probe_eval_data/real/r1717ae55t.png,r1717ae55t:raise,0,raise,-7.086275100708008,0.0008358083432540298,0,1
/root/autodl-tmp/probe-dinov2-bfree-20261001/data/probe_eval_data/real/r1743fb6bt.png,r1743fb6bt:raise,0,raise,-5.328634738922119,0.004827272146940231,0,1
/root/autodl-tmp/probe-dinov2-bfree-20261001/data/probe_eval_data/real/r17b2f789t.png,r17b2f789t:raise,0,raise,-8.607940673828125,0.00018261630611959845,0,1
/root/autodl-tmp/probe-dinov2-bfree-20261001/data/probe_eval_data/real/r188eb234t.png,r188eb234t:raise,0,raise,-9.927530288696289,4.880981578025967e-05,0,1
/root/autodl-tmp/probe-dinov2-bfree-20261001/data/probe_eval_data/real/r1915909et.png,r1915909et:raise,0,raise,-7.3861823081970215,0.0006193736335262656,0,1
/root/autodl-tmp/probe-dinov2-bfree-20261001/data/probe_eval_data/real/r193b12aet.png,r193b12aet:raise,0,raise,-7.123876094818115,0.0008049893658608198,0,1
/root/autodl-tmp/probe-dinov2-bfree-20261001/data/probe_eval_data/real/r1a020c3ft.png,r1a020c3ft:raise,0,raise,-6.948294639587402,0.0009593500872142613,0,1
/root/autodl-tmp/probe-dinov2-bfree-20261001/data/probe_eval_data/real/r1a2d8b02t.png,r1a2d8b02t:raise,0,raise,-5.350752830505371,0.004722172860056162,0,1
/root/autodl-tmp/probe-dinov2-bfree-20261001/data/probe_eval_data/real/r1a485a99t.png,r1a485a99t:raise,0,raise,-8.883855819702148,0.0001385894720442593,0,1
/root/autodl-tmp/probe-dinov2-bfree-20261001/data/probe_eval_data/real/r1a8ee526t.png,r1a8ee526t:raise,0,raise,-3.6892409324645996,0.024381643161177635,0,1
/root/autodl-tmp/probe-dinov2-bfree-20261001/data/probe_eval_data/real/r1aa4db16t.png,r1aa4db16t:raise,0,raise,-9.686442375183105,6.211615982465446e-05,0,1
/root/autodl-tmp/probe-dinov2-bfree-20261001/data/probe_eval_data/real/r1aa53167t.png,r1aa53167t:raise,0,raise,-9.89608097076416,5.03691662743222e-05,0,1
/root/autodl-tmp/probe-dinov2-bfree-20261001/data/probe_eval_data/real/r1bd70210t.png,r1bd70210t:raise,0,raise,-7.848784446716309,0.000390073808375746,0,1
/root/autodl-tmp/probe-dinov2-bfree-20261001/data/probe_eval_data/real/r1c028de8t.png,r1c028de8t:raise,0,raise,-8.332145690917969,0.00024059723364189267,0,1
/root/autodl-tmp/probe-dinov2-bfree-20261001/data/probe_eval_data/real/r1c070921t.png,r1c070921t:raise,0,raise,-7.80246639251709,0.00040855866973288357,0,1
/root/autodl-tmp/probe-dinov2-bfree-20261001/data/probe_eval_data/real/r1c243af7t.png,r1c243af7t:raise,0,raise,-8.196783065795898,0.0002754626329988241,0,1
/root/autodl-tmp/probe-dinov2-bfree-20261001/data/probe_eval_data/real/r1c402787t.png,r1c402787t:raise,0,raise,-5.830674648284912,0.002927500056102872,0,1
/root/autodl-tmp/probe-dinov2-bfree-20261001/data/probe_eval_data/real/r1c4d4720t.png,r1c4d4720t:raise,0,raise,-6.111458778381348,0.0022124082315713167,0,1
/root/autodl-tmp/probe-dinov2-bfree-20261001/data/probe_eval_data/real/r1c874ac4t.png,r1c874ac4t:raise,0,raise,-8.09914779663086,0.000303705659462139,0,1
/root/autodl-tmp/probe-dinov2-bfree-20261001/data/probe_eval_data/real/r1cc0e4e1t.png,r1cc0e4e1t:raise,0,raise,-6.674018383026123,0.0012617181055247784,0,1
/root/autodl-tmp/probe-dinov2-bfree-20261001/data/probe_eval_data/real/r1cd8d9a4t.png,r1cd8d9a4t:raise,0,raise,-7.115069389343262,0.0008121042628772557,0,1
/root/autodl-tmp/probe-dinov2-bfree-20261001/data/probe_eval_data/real/r1ceba29dt.png,r1ceba29dt:raise,0,raise,-8.94412899017334,0.00013048405526205897,0,1
/root/autodl-tmp/probe-dinov2-bfree-20261001/data/probe_eval_data/real/r1ced1907t.png,r1ced1907t:raise,0,raise,-7.968795299530029,0.00034597591729834676,0,1
/root/autodl-tmp/probe-dinov2-bfree-20261001/data/probe_eval_data/real/r1d00d8ect.png,r1d00d8ect:raise,0,raise,-3.8407225608825684,0.02102646976709366,0,1
/root/autodl-tmp/probe-dinov2-bfree-20261001/data/probe_eval_data/real/r1d527f65t.png,r1d527f65t:raise,0,raise,-5.0037522315979,0.006667951587587595,0,1
/root/autodl-tmp/probe-dinov2-bfree-20261001/data/probe_eval_data/real/r1e14f45ct.png,r1e14f45ct:raise,0,raise,-7.953800201416016,0.00035120113170705736,0,1
/root/autodl-tmp/probe-dinov2-bfree-20261001/data/probe_eval_data/real/r1e698e5dt.png,r1e698e5dt:raise,0,raise,-7.3353118896484375,0.000651675567496568,0,1
/root/autodl-tmp/probe-dinov2-bfree-20261001/data/probe_eval_data/real/r1ea8ccbbt.png,r1ea8ccbbt:raise,0,raise,-9.354917526245117,8.653132681502029e-05,0,1
/root/autodl-tmp/probe-dinov2-bfree-20261001/data/probe_eval_data/real/r1ead3024t.png,r1ead3024t:raise,0,raise,-8.19214153289795,0.00027674381271936,0,1
/root/autodl-tmp/probe-dinov2-bfree-20261001/data/probe_eval_data/real/r1f4f8a51t.png,r1f4f8a51t:raise,0,raise,-6.463641166687012,0.0015566813526675105,0,1
/root/autodl-tmp/probe-dinov2-bfree-20261001/data/probe_eval_data/real/r1f5ad4e0t.png,r1f5ad4e0t:raise,0,raise,-9.728236198425293,5.9573736507445574e-05,0,1
/root/autodl-tmp/probe-dinov2-bfree-20261001/data/probe_eval_data/fake_flux/r00b8d4a2t.png,r00b8d4a2t:flux,1,flux,3.861562490463257,0.9793983101844788,1,1
/root/autodl-tmp/probe-dinov2-bfree-20261001/data/probe_eval_data/fake_flux/r00c4a543t.png,r00c4a543t:flux,1,flux,2.7038025856018066,0.9372506737709045,1,1
/root/autodl-tmp/probe-dinov2-bfree-20261001/data/probe_eval_data/fake_flux/r0141f0c9t.png,r0141f0c9t:flux,1,flux,6.031240463256836,0.9976032376289368,1,1
/root/autodl-tmp/probe-dinov2-bfree-20261001/data/probe_eval_data/fake_flux/r01a5f38at.png,r01a5f38at:flux,1,flux,-3.4038829803466797,0.032174330204725266,0,0
/root/autodl-tmp/probe-dinov2-bfree-20261001/data/probe_eval_data/fake_flux/r021429abt.png,r021429abt:flux,1,flux,5.105223178863525,0.9939715266227722,1,1
/root/autodl-tmp/probe-dinov2-bfree-20261001/data/probe_eval_data/fake_flux/r0225b88bt.png,r0225b88bt:flux,1,flux,7.286000728607178,0.9993153810501099,1,1
/root/autodl-tmp/probe-dinov2-bfree-20261001/data/probe_eval_data/fake_flux/r02354285t.png,r02354285t:flux,1,flux,6.955394744873047,0.9990474581718445,1,1
/root/autodl-tmp/probe-dinov2-bfree-20261001/data/probe_eval_data/fake_flux/r02a0839et.png,r02a0839et:flux,1,flux,5.515858173370361,0.9959936141967773,1,1
/root/autodl-tmp/probe-dinov2-bfree-20261001/data/probe_eval_data/fake_flux/r02b7536at.png,r02b7536at:flux,1,flux,4.956562042236328,0.9930121302604675,1,1
/root/autodl-tmp/probe-dinov2-bfree-20261001/data/probe_eval_data/fake_flux/r03bf5648t.png,r03bf5648t:flux,1,flux,6.1793694496154785,0.9979325532913208,1,1
/root/autodl-tmp/probe-dinov2-bfree-20261001/data/probe_eval_data/fake_flux/r03f70ccdt.png,r03f70ccdt:flux,1,flux,3.1481242179870605,0.958834707736969,1,1
/root/autodl-tmp/probe-dinov2-bfree-20261001/data/probe_eval_data/fake_flux/r042d5308t.png,r042d5308t:flux,1,flux,0.1415317803621292,0.535323977470398,1,1
/root/autodl-tmp/probe-dinov2-bfree-20261001/data/probe_eval_data/fake_flux/r042d7b17t.png,r042d7b17t:flux,1,flux,4.671995162963867,0.9907330274581909,1,1
/root/autodl-tmp/probe-dinov2-bfree-20261001/data/probe_eval_data/fake_flux/r04989a70t.png,r04989a70t:flux,1,flux,3.508671998977661,0.9709334969520569,1,1
/root/autodl-tmp/probe-dinov2-bfree-20261001/data/probe_eval_data/fake_flux/r05243256t.png,r05243256t:flux,1,flux,2.1876301765441895,0.8991332054138184,1,1
/root/autodl-tmp/probe-dinov2-bfree-20261001/data/probe_eval_data/fake_flux/r066ef803t.png,r066ef803t:flux,1,flux,2.330397367477417,0.911363422870636,1,1
/root/autodl-tmp/probe-dinov2-bfree-20261001/data/probe_eval_data/fake_flux/r0670f47ft.png,r0670f47ft:flux,1,flux,-0.6518314480781555,0.3425769507884979,0,0
/root/autodl-tmp/probe-dinov2-bfree-20261001/data/probe_eval_data/fake_flux/r06743f8ft.png,r06743f8ft:flux,1,flux,2.729128122329712,0.9387237429618835,1,1
/root/autodl-tmp/probe-dinov2-bfree-20261001/data/probe_eval_data/fake_flux/r06888d38t.png,r06888d38t:flux,1,flux,7.141016483306885,0.9992087483406067,1,1
/root/autodl-tmp/probe-dinov2-bfree-20261001/data/probe_eval_data/fake_flux/r06b7849at.png,r06b7849at:flux,1,flux,7.35333776473999,0.9993600249290466,1,1
/root/autodl-tmp/probe-dinov2-bfree-20261001/data/probe_eval_data/fake_flux/r06bfc92at.png,r06bfc92at:flux,1,flux,5.3987603187561035,0.9954981803894043,1,1
/root/autodl-tmp/probe-dinov2-bfree-20261001/data/probe_eval_data/fake_flux/r06cad2d6t.png,r06cad2d6t:flux,1,flux,5.698864459991455,0.9966614246368408,1,1
/root/autodl-tmp/probe-dinov2-bfree-20261001/data/probe_eval_data/fake_flux/r0703243bt.png,r0703243bt:flux,1,flux,8.278915405273438,0.9997462630271912,1,1
/root/autodl-tmp/probe-dinov2-bfree-20261001/data/probe_eval_data/fake_flux/r07598392t.png,r07598392t:flux,1,flux,4.5638885498046875,0.9896859526634216,1,1
/root/autodl-tmp/probe-dinov2-bfree-20261001/data/probe_eval_data/fake_flux/r0773471dt.png,r0773471dt:flux,1,flux,3.2775251865386963,0.9636496901512146,1,1
/root/autodl-tmp/probe-dinov2-bfree-20261001/data/probe_eval_data/fake_flux/r07d5eb94t.png,r07d5eb94t:flux,1,flux,7.528352737426758,0.9994626641273499,1,1
/root/autodl-tmp/probe-dinov2-bfree-20261001/data/probe_eval_data/fake_flux/r0809811bt.png,r0809811bt:flux,1,flux,9.129347801208496,0.9998915195465088,1,1
/root/autodl-tmp/probe-dinov2-bfree-20261001/data/probe_eval_data/fake_flux/r085bdbe2t.png,r085bdbe2t:flux,1,flux,6.2733283042907715,0.9981176853179932,1,1
/root/autodl-tmp/probe-dinov2-bfree-20261001/data/probe_eval_data/fake_flux/r088dcebft.png,r088dcebft:flux,1,flux,3.722780466079712,0.976403534412384,1,1
/root/autodl-tmp/probe-dinov2-bfree-20261001/data/probe_eval_data/fake_flux/r08b05c94t.png,r08b05c94t:flux,1,flux,4.552916049957275,0.9895734190940857,1,1
/root/autodl-tmp/probe-dinov2-bfree-20261001/data/probe_eval_data/fake_flux/r08f2d4c6t.png,r08f2d4c6t:flux,1,flux,6.916083335876465,0.9990092515945435,1,1
/root/autodl-tmp/probe-dinov2-bfree-20261001/data/probe_eval_data/fake_flux/r097088c1t.png,r097088c1t:flux,1,flux,2.998232126235962,0.952494204044342,1,1
/root/autodl-tmp/probe-dinov2-bfree-20261001/data/probe_eval_data/fake_flux/r09c8e042t.png,r09c8e042t:flux,1,flux,8.141846656799316,0.9997089505195618,1,1
/root/autodl-tmp/probe-dinov2-bfree-20261001/data/probe_eval_data/fake_flux/r09dc6407t.png,r09dc6407t:flux,1,flux,6.624614715576172,0.9986745119094849,1,1
/root/autodl-tmp/probe-dinov2-bfree-20261001/data/probe_eval_data/fake_flux/r0a42c0f6t.png,r0a42c0f6t:flux,1,flux,3.2400856018066406,0.9623152613639832,1,1
/root/autodl-tmp/probe-dinov2-bfree-20261001/data/probe_eval_data/fake_flux/r0a54ed98t.png,r0a54ed98t:flux,1,flux,5.994551658630371,0.9975138902664185,1,1
/root/autodl-tmp/probe-dinov2-bfree-20261001/data/probe_eval_data/fake_flux/r0b13d2a2t.png,r0b13d2a2t:flux,1,flux,-0.8728233575820923,0.29466718435287476,0,0
/root/autodl-tmp/probe-dinov2-bfree-20261001/data/probe_eval_data/fake_flux/r0b4d8af5t.png,r0b4d8af5t:flux,1,flux,7.65392541885376,0.9995260238647461,1,1
/root/autodl-tmp/probe-dinov2-bfree-20261001/data/probe_eval_data/fake_flux/r0ba4c4c0t.png,r0ba4c4c0t:flux,1,flux,8.491134643554688,0.9997947812080383,1,1
/root/autodl-tmp/probe-dinov2-bfree-20261001/data/probe_eval_data/fake_flux/r0c03e364t.png,r0c03e364t:flux,1,flux,9.35945987701416,0.9999138116836548,1,1
/root/autodl-tmp/probe-dinov2-bfree-20261001/data/probe_eval_data/fake_flux/r0c9910e4t.png,r0c9910e4t:flux,1,flux,1.3862037658691406,0.7999855279922485,1,1
/root/autodl-tmp/probe-dinov2-bfree-20261001/data/probe_eval_data/fake_flux/r0e5b5159t.png,r0e5b5159t:flux,1,flux,4.919819355010986,0.9927524328231812,1,1
/root/autodl-tmp/probe-dinov2-bfree-20261001/data/probe_eval_data/fake_flux/r0e661e0dt.png,r0e661e0dt:flux,1,flux,2.0538504123687744,0.886336088180542,1,1
/root/autodl-tmp/probe-dinov2-bfree-20261001/data/probe_eval_data/fake_flux/r0eab8214t.png,r0eab8214t:flux,1,flux,3.823296546936035,0.9786118865013123,1,1
/root/autodl-tmp/probe-dinov2-bfree-20261001/data/probe_eval_data/fake_flux/r0eba1984t.png,r0eba1984t:flux,1,flux,8.941593170166016,0.9998691082000732,1,1
/root/autodl-tmp/probe-dinov2-bfree-20261001/data/probe_eval_data/fake_flux/r0ebb0bb4t.png,r0ebb0bb4t:flux,1,flux,5.461908340454102,0.9957725405693054,1,1
/root/autodl-tmp/probe-dinov2-bfree-20261001/data/probe_eval_data/fake_flux/r0ed019a4t.png,r0ed019a4t:flux,1,flux,8.08305549621582,0.999691367149353,1,1
/root/autodl-tmp/probe-dinov2-bfree-20261001/data/probe_eval_data/fake_flux/r0ed844b5t.png,r0ed844b5t:flux,1,flux,7.838777542114258,0.9996060729026794,1,1
/root/autodl-tmp/probe-dinov2-bfree-20261001/data/probe_eval_data/fake_flux/r0f5475b5t.png,r0f5475b5t:flux,1,flux,3.4280197620391846,0.9685688018798828,1,1
/root/autodl-tmp/probe-dinov2-bfree-20261001/data/probe_eval_data/fake_flux/r0f91c753t.png,r0f91c753t:flux,1,flux,4.590921878814697,0.9899583458900452,1,1
/root/autodl-tmp/probe-dinov2-bfree-20261001/data/probe_eval_data/fake_flux/r0ff7a848t.png,r0ff7a848t:flux,1,flux,4.040317058563232,0.9827121496200562,1,1
/root/autodl-tmp/probe-dinov2-bfree-20261001/data/probe_eval_data/fake_flux/r10a207det.png,r10a207det:flux,1,flux,3.5391111373901367,0.9717803597450256,1,1
/root/autodl-tmp/probe-dinov2-bfree-20261001/data/probe_eval_data/fake_flux/r110f894ft.png,r110f894ft:flux,1,flux,3.692560911178589,0.9756971597671509,1,1
/root/autodl-tmp/probe-dinov2-bfree-20261001/data/probe_eval_data/fake_flux/r113402d4t.png,r113402d4t:flux,1,flux,6.517712116241455,0.9985252022743225,1,1
/root/autodl-tmp/probe-dinov2-bfree-20261001/data/probe_eval_data/fake_flux/r116ce066t.png,r116ce066t:flux,1,flux,7.6825690269470215,0.9995394945144653,1,1
/root/autodl-tmp/probe-dinov2-bfree-20261001/data/probe_eval_data/fake_flux/r1234de87t.png,r1234de87t:flux,1,flux,4.658792972564697,0.9906111359596252,1,1
/root/autodl-tmp/probe-dinov2-bfree-20261001/data/probe_eval_data/fake_flux/r126a22b8t.png,r126a22b8t:flux,1,flux,5.0634236335754395,0.9937159419059753,1,1
/root/autodl-tmp/probe-dinov2-bfree-20261001/data/probe_eval_data/fake_flux/r1297fd0bt.png,r1297fd0bt:flux,1,flux,0.9346005320549011,0.7180076837539673,1,1
/root/autodl-tmp/probe-dinov2-bfree-20261001/data/probe_eval_data/fake_flux/r12cebbd2t.png,r12cebbd2t:flux,1,flux,0.30001652240753174,0.5744465589523315,1,1
/root/autodl-tmp/probe-dinov2-bfree-20261001/data/probe_eval_data/fake_flux/r12d4cabat.png,r12d4cabat:flux,1,flux,6.893043518066406,0.9989861845970154,1,1
/root/autodl-tmp/probe-dinov2-bfree-20261001/data/probe_eval_data/fake_flux/r12f3bbfat.png,r12f3bbfat:flux,1,flux,7.138213157653809,0.9992064833641052,1,1
/root/autodl-tmp/probe-dinov2-bfree-20261001/data/probe_eval_data/fake_flux/r13b45303t.png,r13b45303t:flux,1,flux,6.542574405670166,0.9985613226890564,1,1
/root/autodl-tmp/probe-dinov2-bfree-20261001/data/probe_eval_data/fake_flux/r13b5b161t.png,r13b5b161t:flux,1,flux,7.558319091796875,0.9994785189628601,1,1
/root/autodl-tmp/probe-dinov2-bfree-20261001/data/probe_eval_data/fake_flux/r14902ba4t.png,r14902ba4t:flux,1,flux,5.06564474105835,0.9937297105789185,1,1
/root/autodl-tmp/probe-dinov2-bfree-20261001/data/probe_eval_data/fake_flux/r150058a4t.png,r150058a4t:flux,1,flux,6.72568941116333,0.9988017082214355,1,1
/root/autodl-tmp/probe-dinov2-bfree-20261001/data/probe_eval_data/fake_flux/r1554cfadt.png,r1554cfadt:flux,1,flux,6.769174575805664,0.9988526105880737,1,1
/root/autodl-tmp/probe-dinov2-bfree-20261001/data/probe_eval_data/fake_flux/r15a0b476t.png,r15a0b476t:flux,1,flux,6.6540045738220215,0.9987127780914307,1,1
/root/autodl-tmp/probe-dinov2-bfree-20261001/data/probe_eval_data/fake_flux/r162b2209t.png,r162b2209t:flux,1,flux,6.230574131011963,0.9980356097221375,1,1
/root/autodl-tmp/probe-dinov2-bfree-20261001/data/probe_eval_data/fake_flux/r16422663t.png,r16422663t:flux,1,flux,4.9493255615234375,0.9929617047309875,1,1
/root/autodl-tmp/probe-dinov2-bfree-20261001/data/probe_eval_data/fake_flux/r1717ae55t.png,r1717ae55t:flux,1,flux,3.387766122817993,0.9673200249671936,1,1
/root/autodl-tmp/probe-dinov2-bfree-20261001/data/probe_eval_data/fake_flux/r1743fb6bt.png,r1743fb6bt:flux,1,flux,5.743605613708496,0.9968070983886719,1,1
/root/autodl-tmp/probe-dinov2-bfree-20261001/data/probe_eval_data/fake_flux/r17b2f789t.png,r17b2f789t:flux,1,flux,-3.5785157680511475,0.02715890482068062,0,0
/root/autodl-tmp/probe-dinov2-bfree-20261001/data/probe_eval_data/fake_flux/r188eb234t.png,r188eb234t:flux,1,flux,2.487917184829712,0.9232904314994812,1,1
/root/autodl-tmp/probe-dinov2-bfree-20261001/data/probe_eval_data/fake_flux/r1915909et.png,r1915909et:flux,1,flux,7.130454063415527,0.9992002844810486,1,1
/root/autodl-tmp/probe-dinov2-bfree-20261001/data/probe_eval_data/fake_flux/r193b12aet.png,r193b12aet:flux,1,flux,5.771759033203125,0.996895432472229,1,1
/root/autodl-tmp/probe-dinov2-bfree-20261001/data/probe_eval_data/fake_flux/r1a020c3ft.png,r1a020c3ft:flux,1,flux,8.71312427520752,0.9998356103897095,1,1
/root/autodl-tmp/probe-dinov2-bfree-20261001/data/probe_eval_data/fake_flux/r1a2d8b02t.png,r1a2d8b02t:flux,1,flux,4.649814128875732,0.9905272722244263,1,1
/root/autodl-tmp/probe-dinov2-bfree-20261001/data/probe_eval_data/fake_flux/r1a485a99t.png,r1a485a99t:flux,1,flux,8.665936470031738,0.9998276233673096,1,1
/root/autodl-tmp/probe-dinov2-bfree-20261001/data/probe_eval_data/fake_flux/r1a8ee526t.png,r1a8ee526t:flux,1,flux,6.9879937171936035,0.9990779161453247,1,1
/root/autodl-tmp/probe-dinov2-bfree-20261001/data/probe_eval_data/fake_flux/r1aa4db16t.png,r1aa4db16t:flux,1,flux,7.124543190002441,0.9991955161094666,1,1
/root/autodl-tmp/probe-dinov2-bfree-20261001/data/probe_eval_data/fake_flux/r1aa53167t.png,r1aa53167t:flux,1,flux,5.7884674072265625,0.9969466328620911,1,1
/root/autodl-tmp/probe-dinov2-bfree-20261001/data/probe_eval_data/fake_flux/r1bd70210t.png,r1bd70210t:flux,1,flux,4.064019680023193,0.9831103086471558,1,1
/root/autodl-tmp/probe-dinov2-bfree-20261001/data/probe_eval_data/fake_flux/r1c028de8t.png,r1c028de8t:flux,1,flux,3.842693328857422,0.9790140986442566,1,1
/root/autodl-tmp/probe-dinov2-bfree-20261001/data/probe_eval_data/fake_flux/r1c070921t.png,r1c070921t:flux,1,flux,5.75779914855957,0.9968518614768982,1,1
/root/autodl-tmp/probe-dinov2-bfree-20261001/data/probe_eval_data/fake_flux/r1c243af7t.png,r1c243af7t:flux,1,flux,3.509976863861084,0.9709703326225281,1,1
/root/autodl-tmp/probe-dinov2-bfree-20261001/data/probe_eval_data/fake_flux/r1c402787t.png,r1c402787t:flux,1,flux,6.429067134857178,0.9983886480331421,1,1
/root/autodl-tmp/probe-dinov2-bfree-20261001/data/probe_eval_data/fake_flux/r1c4d4720t.png,r1c4d4720t:flux,1,flux,4.318155288696289,0.9868506789207458,1,1
/root/autodl-tmp/probe-dinov2-bfree-20261001/data/probe_eval_data/fake_flux/r1c874ac4t.png,r1c874ac4t:flux,1,flux,6.5244221687316895,0.9985350370407104,1,1
/root/autodl-tmp/probe-dinov2-bfree-20261001/data/probe_eval_data/fake_flux/r1cc0e4e1t.png,r1cc0e4e1t:flux,1,flux,3.578273057937622,0.9728347063064575,1,1
/root/autodl-tmp/probe-dinov2-bfree-20261001/data/probe_eval_data/fake_flux/r1cd8d9a4t.png,r1cd8d9a4t:flux,1,flux,-0.7966119647026062,0.31075072288513184,0,0
/root/autodl-tmp/probe-dinov2-bfree-20261001/data/probe_eval_data/fake_flux/r1ceba29dt.png,r1ceba29dt:flux,1,flux,2.1875922679901123,0.8991297483444214,1,1
/root/autodl-tmp/probe-dinov2-bfree-20261001/data/probe_eval_data/fake_flux/r1ced1907t.png,r1ced1907t:flux,1,flux,4.815133094787598,0.9919590950012207,1,1
/root/autodl-tmp/probe-dinov2-bfree-20261001/data/probe_eval_data/fake_flux/r1d00d8ect.png,r1d00d8ect:flux,1,flux,2.6632556915283203,0.9348233342170715,1,1
/root/autodl-tmp/probe-dinov2-bfree-20261001/data/probe_eval_data/fake_flux/r1d527f65t.png,r1d527f65t:flux,1,flux,2.814429521560669,0.9434506297111511,1,1
/root/autodl-tmp/probe-dinov2-bfree-20261001/data/probe_eval_data/fake_flux/r1e14f45ct.png,r1e14f45ct:flux,1,flux,4.880634784698486,0.9924650192260742,1,1
/root/autodl-tmp/probe-dinov2-bfree-20261001/data/probe_eval_data/fake_flux/r1e698e5dt.png,r1e698e5dt:flux,1,flux,6.112867832183838,0.9977906942367554,1,1
/root/autodl-tmp/probe-dinov2-bfree-20261001/data/probe_eval_data/fake_flux/r1ea8ccbbt.png,r1ea8ccbbt:flux,1,flux,4.363307952880859,0.9874239563941956,1,1
/root/autodl-tmp/probe-dinov2-bfree-20261001/data/probe_eval_data/fake_flux/r1ead3024t.png,r1ead3024t:flux,1,flux,8.759583473205566,0.9998430013656616,1,1
/root/autodl-tmp/probe-dinov2-bfree-20261001/data/probe_eval_data/fake_flux/r1f4f8a51t.png,r1f4f8a51t:flux,1,flux,6.9767231941223145,0.999067485332489,1,1
/root/autodl-tmp/probe-dinov2-bfree-20261001/data/probe_eval_data/fake_flux/r1f5ad4e0t.png,r1f5ad4e0t:flux,1,flux,1.8133100271224976,0.8597614169120789,1,1
/root/autodl-tmp/probe-dinov2-bfree-20261001/data/probe_eval_data/fake_sd35/r00b8d4a2t.png,r00b8d4a2t:sd3_5,1,sd3_5,9.098176002502441,0.9998881816864014,1,1
/root/autodl-tmp/probe-dinov2-bfree-20261001/data/probe_eval_data/fake_sd35/r00c4a543t.png,r00c4a543t:sd3_5,1,sd3_5,8.917695045471191,0.9998660087585449,1,1
/root/autodl-tmp/probe-dinov2-bfree-20261001/data/probe_eval_data/fake_sd35/r0141f0c9t.png,r0141f0c9t:sd3_5,1,sd3_5,5.805208683013916,0.9969972372055054,1,1
/root/autodl-tmp/probe-dinov2-bfree-20261001/data/probe_eval_data/fake_sd35/r01a5f38at.png,r01a5f38at:sd3_5,1,sd3_5,9.348962783813477,0.9999129772186279,1,1
/root/autodl-tmp/probe-dinov2-bfree-20261001/data/probe_eval_data/fake_sd35/r021429abt.png,r021429abt:sd3_5,1,sd3_5,8.007976531982422,0.9996672868728638,1,1
/root/autodl-tmp/probe-dinov2-bfree-20261001/data/probe_eval_data/fake_sd35/r0225b88bt.png,r0225b88bt:sd3_5,1,sd3_5,9.433405876159668,0.9999200105667114,1,1
/root/autodl-tmp/probe-dinov2-bfree-20261001/data/probe_eval_data/fake_sd35/r02354285t.png,r02354285t:sd3_5,1,sd3_5,10.20698070526123,0.9999630451202393,1,1
/root/autodl-tmp/probe-dinov2-bfree-20261001/data/probe_eval_data/fake_sd35/r02a0839et.png,r02a0839et:sd3_5,1,sd3_5,9.578855514526367,0.9999308586120605,1,1
/root/autodl-tmp/probe-dinov2-bfree-20261001/data/probe_eval_data/fake_sd35/r02b7536at.png,r02b7536at:sd3_5,1,sd3_5,9.226447105407715,0.9999016523361206,1,1
/root/autodl-tmp/probe-dinov2-bfree-20261001/data/probe_eval_data/fake_sd35/r03bf5648t.png,r03bf5648t:sd3_5,1,sd3_5,9.14500904083252,0.999893307685852,1,1
/root/autodl-tmp/probe-dinov2-bfree-20261001/data/probe_eval_data/fake_sd35/r03f70ccdt.png,r03f70ccdt:sd3_5,1,sd3_5,8.27796745300293,0.9997460246086121,1,1
/root/autodl-tmp/probe-dinov2-bfree-20261001/data/probe_eval_data/fake_sd35/r042d5308t.png,r042d5308t:sd3_5,1,sd3_5,7.788124084472656,0.9995855689048767,1,1
/root/autodl-tmp/probe-dinov2-bfree-20261001/data/probe_eval_data/fake_sd35/r042d7b17t.png,r042d7b17t:sd3_5,1,sd3_5,8.755813598632812,0.9998424053192139,1,1
/root/autodl-tmp/probe-dinov2-bfree-20261001/data/probe_eval_data/fake_sd35/r04989a70t.png,r04989a70t:sd3_5,1,sd3_5,7.786032199859619,0.9995847344398499,1,1
/root/autodl-tmp/probe-dinov2-bfree-20261001/data/probe_eval_data/fake_sd35/r05243256t.png,r05243256t:sd3_5,1,sd3_5,9.177934646606445,0.999896764755249,1,1
/root/autodl-tmp/probe-dinov2-bfree-20261001/data/probe_eval_data/fake_sd35/r066ef803t.png,r066ef803t:sd3_5,1,sd3_5,9.34903335571289,0.9999129772186279,1,1
/root/autodl-tmp/probe-dinov2-bfree-20261001/data/probe_eval_data/fake_sd35/r0670f47ft.png,r0670f47ft:sd3_5,1,sd3_5,7.693262100219727,0.9995443224906921,1,1
/root/autodl-tmp/probe-dinov2-bfree-20261001/data/probe_eval_data/fake_sd35/r06743f8ft.png,r06743f8ft:sd3_5,1,sd3_5,-0.9714878797531128,0.274584025144577,0,0
/root/autodl-tmp/probe-dinov2-bfree-20261001/data/probe_eval_data/fake_sd35/r06888d38t.png,r06888d38t:sd3_5,1,sd3_5,9.699405670166016,0.9999387264251709,1,1
/root/autodl-tmp/probe-dinov2-bfree-20261001/data/probe_eval_data/fake_sd35/r06b7849at.png,r06b7849at:sd3_5,1,sd3_5,9.333704948425293,0.9999115467071533,1,1
/root/autodl-tmp/probe-dinov2-bfree-20261001/data/probe_eval_data/fake_sd35/r06bfc92at.png,r06bfc92at:sd3_5,1,sd3_5,8.268147468566895,0.9997435212135315,1,1
/root/autodl-tmp/probe-dinov2-bfree-20261001/data/probe_eval_data/fake_sd35/r06cad2d6t.png,r06cad2d6t:sd3_5,1,sd3_5,9.492372512817383,0.9999245405197144,1,1
/root/autodl-tmp/probe-dinov2-bfree-20261001/data/probe_eval_data/fake_sd35/r0703243bt.png,r0703243bt:sd3_5,1,sd3_5,10.115401268005371,0.9999595880508423,1,1
/root/autodl-tmp/probe-dinov2-bfree-20261001/data/probe_eval_data/fake_sd35/r07598392t.png,r07598392t:sd3_5,1,sd3_5,8.44762134552002,0.9997856020927429,1,1
/root/autodl-tmp/probe-dinov2-bfree-20261001/data/probe_eval_data/fake_sd35/r0773471dt.png,r0773471dt:sd3_5,1,sd3_5,9.39874267578125,0.9999171495437622,1,1
/root/autodl-tmp/probe-dinov2-bfree-20261001/data/probe_eval_data/fake_sd35/r07d5eb94t.png,r07d5eb94t:sd3_5,1,sd3_5,9.399205207824707,0.9999172687530518,1,1
/root/autodl-tmp/probe-dinov2-bfree-20261001/data/probe_eval_data/fake_sd35/r0809811bt.png,r0809811bt:sd3_5,1,sd3_5,5.839305400848389,0.9970976114273071,1,1
/root/autodl-tmp/probe-dinov2-bfree-20261001/data/probe_eval_data/fake_sd35/r085bdbe2t.png,r085bdbe2t:sd3_5,1,sd3_5,9.54932975769043,0.9999287128448486,1,1
/root/autodl-tmp/probe-dinov2-bfree-20261001/data/probe_eval_data/fake_sd35/r088dcebft.png,r088dcebft:sd3_5,1,sd3_5,5.3034539222717285,0.9950502514839172,1,1
/root/autodl-tmp/probe-dinov2-bfree-20261001/data/probe_eval_data/fake_sd35/r08b05c94t.png,r08b05c94t:sd3_5,1,sd3_5,5.282318115234375,0.9949451088905334,1,1
/root/autodl-tmp/probe-dinov2-bfree-20261001/data/probe_eval_data/fake_sd35/r08f2d4c6t.png,r08f2d4c6t:sd3_5,1,sd3_5,8.808632850646973,0.9998505115509033,1,1
/root/autodl-tmp/probe-dinov2-bfree-20261001/data/probe_eval_data/fake_sd35/r097088c1t.png,r097088c1t:sd3_5,1,sd3_5,9.004474639892578,0.9998770952224731,1,1
/root/autodl-tmp/probe-dinov2-bfree-20261001/data/probe_eval_data/fake_sd35/r09c8e042t.png,r09c8e042t:sd3_5,1,sd3_5,7.54880428314209,0.999473512172699,1,1
/root/autodl-tmp/probe-dinov2-bfree-20261001/data/probe_eval_data/fake_sd35/r09dc6407t.png,r09dc6407t:sd3_5,1,sd3_5,6.8346452713012695,0.9989252686500549,1,1
/root/autodl-tmp/probe-dinov2-bfree-20261001/data/probe_eval_data/fake_sd35/r0a42c0f6t.png,r0a42c0f6t:sd3_5,1,sd3_5,9.557507514953613,0.9999293088912964,1,1
/root/autodl-tmp/probe-dinov2-bfree-20261001/data/probe_eval_data/fake_sd35/r0a54ed98t.png,r0a54ed98t:sd3_5,1,sd3_5,5.453732967376709,0.9957379102706909,1,1
/root/autodl-tmp/probe-dinov2-bfree-20261001/data/probe_eval_data/fake_sd35/r0b13d2a2t.png,r0b13d2a2t:sd3_5,1,sd3_5,7.578301429748535,0.9994888305664062,1,1
/root/autodl-tmp/probe-dinov2-bfree-20261001/data/probe_eval_data/fake_sd35/r0b4d8af5t.png,r0b4d8af5t:sd3_5,1,sd3_5,8.587748527526855,0.9998137354850769,1,1
/root/autodl-tmp/probe-dinov2-bfree-20261001/data/probe_eval_data/fake_sd35/r0ba4c4c0t.png,r0ba4c4c0t:sd3_5,1,sd3_5,8.953042030334473,0.9998706579208374,1,1
/root/autodl-tmp/probe-dinov2-bfree-20261001/data/probe_eval_data/fake_sd35/r0c03e364t.png,r0c03e364t:sd3_5,1,sd3_5,9.644394874572754,0.9999352693557739,1,1
/root/autodl-tmp/probe-dinov2-bfree-20261001/data/probe_eval_data/fake_sd35/r0c9910e4t.png,r0c9910e4t:sd3_5,1,sd3_5,5.90004825592041,0.9972681999206543,1,1
/root/autodl-tmp/probe-dinov2-bfree-20261001/data/probe_eval_data/fake_sd35/r0e5b5159t.png,r0e5b5159t:sd3_5,1,sd3_5,9.00339412689209,0.9998769760131836,1,1
/root/autodl-tmp/probe-dinov2-bfree-20261001/data/probe_eval_data/fake_sd35/r0e661e0dt.png,r0e661e0dt:sd3_5,1,sd3_5,8.749404907226562,0.9998414516448975,1,1
/root/autodl-tmp/probe-dinov2-bfree-20261001/data/probe_eval_data/fake_sd35/r0eab8214t.png,r0eab8214t:sd3_5,1,sd3_5,9.952519416809082,0.9999524354934692,1,1
/root/autodl-tmp/probe-dinov2-bfree-20261001/data/probe_eval_data/fake_sd35/r0eba1984t.png,r0eba1984t:sd3_5,1,sd3_5,9.181171417236328,0.9998970031738281,1,1
/root/autodl-tmp/probe-dinov2-bfree-20261001/data/probe_eval_data/fake_sd35/r0ebb0bb4t.png,r0ebb0bb4t:sd3_5,1,sd3_5,10.101994514465332,0.9999589920043945,1,1
/root/autodl-tmp/probe-dinov2-bfree-20261001/data/probe_eval_data/fake_sd35/r0ed019a4t.png,r0ed019a4t:sd3_5,1,sd3_5,9.650209426879883,0.9999356269836426,1,1
/root/autodl-tmp/probe-dinov2-bfree-20261001/data/probe_eval_data/fake_sd35/r0ed844b5t.png,r0ed844b5t:sd3_5,1,sd3_5,10.471999168395996,0.9999716281890869,1,1
/root/autodl-tmp/probe-dinov2-bfree-20261001/data/probe_eval_data/fake_sd35/r0f5475b5t.png,r0f5475b5t:sd3_5,1,sd3_5,10.213241577148438,0.9999632835388184,1,1
/root/autodl-tmp/probe-dinov2-bfree-20261001/data/probe_eval_data/fake_sd35/r0f91c753t.png,r0f91c753t:sd3_5,1,sd3_5,8.792468070983887,0.9998481273651123,1,1
/root/autodl-tmp/probe-dinov2-bfree-20261001/data/probe_eval_data/fake_sd35/r0ff7a848t.png,r0ff7a848t:sd3_5,1,sd3_5,3.6960902214050293,0.9757807850837708,1,1
/root/autodl-tmp/probe-dinov2-bfree-20261001/data/probe_eval_data/fake_sd35/r10a207det.png,r10a207det:sd3_5,1,sd3_5,9.744122505187988,0.999941349029541,1,1
/root/autodl-tmp/probe-dinov2-bfree-20261001/data/probe_eval_data/fake_sd35/r110f894ft.png,r110f894ft:sd3_5,1,sd3_5,8.762825012207031,0.9998435974121094,1,1
/root/autodl-tmp/probe-dinov2-bfree-20261001/data/probe_eval_data/fake_sd35/r113402d4t.png,r113402d4t:sd3_5,1,sd3_5,10.13000202178955,0.99996018409729,1,1
/root/autodl-tmp/probe-dinov2-bfree-20261001/data/probe_eval_data/fake_sd35/r116ce066t.png,r116ce066t:sd3_5,1,sd3_5,9.699841499328613,0.9999387264251709,1,1
/root/autodl-tmp/probe-dinov2-bfree-20261001/data/probe_eval_data/fake_sd35/r1234de87t.png,r1234de87t:sd3_5,1,sd3_5,8.947333335876465,0.9998699426651001,1,1
/root/autodl-tmp/probe-dinov2-bfree-20261001/data/probe_eval_data/fake_sd35/r126a22b8t.png,r126a22b8t:sd3_5,1,sd3_5,6.0214385986328125,0.9975797533988953,1,1
/root/autodl-tmp/probe-dinov2-bfree-20261001/data/probe_eval_data/fake_sd35/r1297fd0bt.png,r1297fd0bt:sd3_5,1,sd3_5,10.19520092010498,0.9999626874923706,1,1
/root/autodl-tmp/probe-dinov2-bfree-20261001/data/probe_eval_data/fake_sd35/r12cebbd2t.png,r12cebbd2t:sd3_5,1,sd3_5,3.5503077507019043,0.97208571434021,1,1
/root/autodl-tmp/probe-dinov2-bfree-20261001/data/probe_eval_data/fake_sd35/r12d4cabat.png,r12d4cabat:sd3_5,1,sd3_5,10.089486122131348,0.9999585151672363,1,1
/root/autodl-tmp/probe-dinov2-bfree-20261001/data/probe_eval_data/fake_sd35/r12f3bbfat.png,r12f3bbfat:sd3_5,1,sd3_5,10.147627830505371,0.9999607801437378,1,1
/root/autodl-tmp/probe-dinov2-bfree-20261001/data/probe_eval_data/fake_sd35/r13b45303t.png,r13b45303t:sd3_5,1,sd3_5,4.0975189208984375,0.9836576581001282,1,1
/root/autodl-tmp/probe-dinov2-bfree-20261001/data/probe_eval_data/fake_sd35/r13b5b161t.png,r13b5b161t:sd3_5,1,sd3_5,10.109662055969238,0.9999593496322632,1,1
/root/autodl-tmp/probe-dinov2-bfree-20261001/data/probe_eval_data/fake_sd35/r14902ba4t.png,r14902ba4t:sd3_5,1,sd3_5,10.349164009094238,0.9999679327011108,1,1
/root/autodl-tmp/probe-dinov2-bfree-20261001/data/probe_eval_data/fake_sd35/r150058a4t.png,r150058a4t:sd3_5,1,sd3_5,9.483020782470703,0.999923825263977,1,1
/root/autodl-tmp/probe-dinov2-bfree-20261001/data/probe_eval_data/fake_sd35/r1554cfadt.png,r1554cfadt:sd3_5,1,sd3_5,6.835229873657227,0.9989258646965027,1,1
/root/autodl-tmp/probe-dinov2-bfree-20261001/data/probe_eval_data/fake_sd35/r15a0b476t.png,r15a0b476t:sd3_5,1,sd3_5,8.785956382751465,0.9998471736907959,1,1
/root/autodl-tmp/probe-dinov2-bfree-20261001/data/probe_eval_data/fake_sd35/r162b2209t.png,r162b2209t:sd3_5,1,sd3_5,10.025110244750977,0.9999557733535767,1,1
/root/autodl-tmp/probe-dinov2-bfree-20261001/data/probe_eval_data/fake_sd35/r16422663t.png,r16422663t:sd3_5,1,sd3_5,5.906415939331055,0.9972854852676392,1,1
/root/autodl-tmp/probe-dinov2-bfree-20261001/data/probe_eval_data/fake_sd35/r1717ae55t.png,r1717ae55t:sd3_5,1,sd3_5,2.203826904296875,0.9005926251411438,1,1
/root/autodl-tmp/probe-dinov2-bfree-20261001/data/probe_eval_data/fake_sd35/r1743fb6bt.png,r1743fb6bt:sd3_5,1,sd3_5,9.70256233215332,0.9999388456344604,1,1
/root/autodl-tmp/probe-dinov2-bfree-20261001/data/probe_eval_data/fake_sd35/r17b2f789t.png,r17b2f789t:sd3_5,1,sd3_5,9.612850189208984,0.999933123588562,1,1
/root/autodl-tmp/probe-dinov2-bfree-20261001/data/probe_eval_data/fake_sd35/r188eb234t.png,r188eb234t:sd3_5,1,sd3_5,9.745326042175293,0.9999414682388306,1,1
/root/autodl-tmp/probe-dinov2-bfree-20261001/data/probe_eval_data/fake_sd35/r1915909et.png,r1915909et:sd3_5,1,sd3_5,9.025473594665527,0.9998797178268433,1,1
/root/autodl-tmp/probe-dinov2-bfree-20261001/data/probe_eval_data/fake_sd35/r193b12aet.png,r193b12aet:sd3_5,1,sd3_5,6.635798454284668,0.9986892342567444,1,1
/root/autodl-tmp/probe-dinov2-bfree-20261001/data/probe_eval_data/fake_sd35/r1a020c3ft.png,r1a020c3ft:sd3_5,1,sd3_5,10.265667915344238,0.9999651908874512,1,1
/root/autodl-tmp/probe-dinov2-bfree-20261001/data/probe_eval_data/fake_sd35/r1a2d8b02t.png,r1a2d8b02t:sd3_5,1,sd3_5,8.622830390930176,0.9998200535774231,1,1
/root/autodl-tmp/probe-dinov2-bfree-20261001/data/probe_eval_data/fake_sd35/r1a485a99t.png,r1a485a99t:sd3_5,1,sd3_5,10.46442699432373,0.9999715089797974,1,1
/root/autodl-tmp/probe-dinov2-bfree-20261001/data/probe_eval_data/fake_sd35/r1a8ee526t.png,r1a8ee526t:sd3_5,1,sd3_5,9.359013557434082,0.9999138116836548,1,1
/root/autodl-tmp/probe-dinov2-bfree-20261001/data/probe_eval_data/fake_sd35/r1aa4db16t.png,r1aa4db16t:sd3_5,1,sd3_5,8.705851554870605,0.999834418296814,1,1
/root/autodl-tmp/probe-dinov2-bfree-20261001/data/probe_eval_data/fake_sd35/r1aa53167t.png,r1aa53167t:sd3_5,1,sd3_5,10.098085403442383,0.999958872795105,1,1
/root/autodl-tmp/probe-dinov2-bfree-20261001/data/probe_eval_data/fake_sd35/r1bd70210t.png,r1bd70210t:sd3_5,1,sd3_5,5.7049384117126465,0.9966815114021301,1,1
/root/autodl-tmp/probe-dinov2-bfree-20261001/data/probe_eval_data/fake_sd35/r1c028de8t.png,r1c028de8t:sd3_5,1,sd3_5,9.626486778259277,0.9999340772628784,1,1
/root/autodl-tmp/probe-dinov2-bfree-20261001/data/probe_eval_data/fake_sd35/r1c070921t.png,r1c070921t:sd3_5,1,sd3_5,8.880451202392578,0.9998608827590942,1,1
/root/autodl-tmp/probe-dinov2-bfree-20261001/data/probe_eval_data/fake_sd35/r1c243af7t.png,r1c243af7t:sd3_5,1,sd3_5,9.682474136352539,0.9999376535415649,1,1
/root/autodl-tmp/probe-dinov2-bfree-20261001/data/probe_eval_data/fake_sd35/r1c402787t.png,r1c402787t:sd3_5,1,sd3_5,9.208940505981445,0.9998998641967773,1,1
/root/autodl-tmp/probe-dinov2-bfree-20261001/data/probe_eval_data/fake_sd35/r1c4d4720t.png,r1c4d4720t:sd3_5,1,sd3_5,5.285552024841309,0.9949612617492676,1,1
/root/autodl-tmp/probe-dinov2-bfree-20261001/data/probe_eval_data/fake_sd35/r1c874ac4t.png,r1c874ac4t:sd3_5,1,sd3_5,10.016484260559082,0.9999552965164185,1,1
/root/autodl-tmp/probe-dinov2-bfree-20261001/data/probe_eval_data/fake_sd35/r1cc0e4e1t.png,r1cc0e4e1t:sd3_5,1,sd3_5,8.027472496032715,0.9996737241744995,1,1
/root/autodl-tmp/probe-dinov2-bfree-20261001/data/probe_eval_data/fake_sd35/r1cd8d9a4t.png,r1cd8d9a4t:sd3_5,1,sd3_5,7.192329406738281,0.999248206615448,1,1
/root/autodl-tmp/probe-dinov2-bfree-20261001/data/probe_eval_data/fake_sd35/r1ceba29dt.png,r1ceba29dt:sd3_5,1,sd3_5,8.942120552062988,0.9998692274093628,1,1
/root/autodl-tmp/probe-dinov2-bfree-20261001/data/probe_eval_data/fake_sd35/r1ced1907t.png,r1ced1907t:sd3_5,1,sd3_5,2.065511465072632,0.8875055909156799,1,1
/root/autodl-tmp/probe-dinov2-bfree-20261001/data/probe_eval_data/fake_sd35/r1d00d8ect.png,r1d00d8ect:sd3_5,1,sd3_5,9.186406135559082,0.9998975992202759,1,1
/root/autodl-tmp/probe-dinov2-bfree-20261001/data/probe_eval_data/fake_sd35/r1d527f65t.png,r1d527f65t:sd3_5,1,sd3_5,9.67459487915039,0.9999371767044067,1,1
/root/autodl-tmp/probe-dinov2-bfree-20261001/data/probe_eval_data/fake_sd35/r1e14f45ct.png,r1e14f45ct:sd3_5,1,sd3_5,8.10680866241455,0.9996986389160156,1,1
/root/autodl-tmp/probe-dinov2-bfree-20261001/data/probe_eval_data/fake_sd35/r1e698e5dt.png,r1e698e5dt:sd3_5,1,sd3_5,4.838095664978027,0.9921401143074036,1,1
/root/autodl-tmp/probe-dinov2-bfree-20261001/data/probe_eval_data/fake_sd35/r1ea8ccbbt.png,r1ea8ccbbt:sd3_5,1,sd3_5,7.298770427703857,0.9993240833282471,1,1
/root/autodl-tmp/probe-dinov2-bfree-20261001/data/probe_eval_data/fake_sd35/r1ead3024t.png,r1ead3024t:sd3_5,1,sd3_5,9.70079517364502,0.9999387264251709,1,1
/root/autodl-tmp/probe-dinov2-bfree-20261001/data/probe_eval_data/fake_sd35/r1f4f8a51t.png,r1f4f8a51t:sd3_5,1,sd3_5,8.952311515808105,0.9998705387115479,1,1
/root/autodl-tmp/probe-dinov2-bfree-20261001/data/probe_eval_data/fake_sd35/r1f5ad4e0t.png,r1f5ad4e0t:sd3_5,1,sd3_5,4.962026119232178,0.9930498600006104,1,1
