path,relative_path,sample_id,source_group,ground_truth,generator,raw_logit,raw_score,normalized_score,prediction,correct
/root/autodl-tmp/probe-dinov2-bfree-20261001/data/probe_eval_data/real/r0c03e364t.png,probe_eval_data/real/r0c03e364t.png,r0c03e364t:raise,r0c03e364t,0,raise,12.413037300109863,0.9999959468841553,0.9999959468841553,1,0
/root/autodl-tmp/probe-dinov2-bfree-20261001/data/probe_eval_data/real/r12f3bbfat.png,probe_eval_data/real/r12f3bbfat.png,r12f3bbfat:raise,r12f3bbfat,0,raise,1.416868805885315,0.8048470616340637,0.8048470616340637,1,0
/root/autodl-tmp/probe-dinov2-bfree-20261001/data/probe_eval_data/real/r1c070921t.png,probe_eval_data/real/r1c070921t.png,r1c070921t:raise,r1c070921t,0,raise,2.2000608444213867,0.9002549648284912,0.9002549648284912,1,0
/root/autodl-tmp/probe-dinov2-bfree-20261001/data/probe_eval_data/real/r08b05c94t.png,probe_eval_data/real/r08b05c94t.png,r08b05c94t:raise,r08b05c94t,0,raise,8.746718406677246,0.9998409748077393,0.9998409748077393,1,0
/root/autodl-tmp/probe-dinov2-bfree-20261001/data/probe_eval_data/real/r0ed844b5t.png,probe_eval_data/real/r0ed844b5t.png,r0ed844b5t:raise,r0ed844b5t,0,raise,6.007476806640625,0.9975457787513733,0.9975457787513733,1,0
/root/autodl-tmp/probe-dinov2-bfree-20261001/data/probe_eval_data/real/r0773471dt.png,probe_eval_data/real/r0773471dt.png,r0773471dt:raise,r0773471dt,0,raise,11.209027290344238,0.9999864101409912,0.9999864101409912,1,0
/root/autodl-tmp/probe-dinov2-bfree-20261001/data/probe_eval_data/real/r1c402787t.png,probe_eval_data/real/r1c402787t.png,r1c402787t:raise,r1c402787t,0,raise,3.990677833557129,0.9818483591079712,0.9818483591079712,1,0
/root/autodl-tmp/probe-dinov2-bfree-20261001/data/probe_eval_data/real/r1743fb6bt.png,probe_eval_data/real/r1743fb6bt.png,r1743fb6bt:raise,r1743fb6bt,0,raise,-2.703032970428467,0.06279462575912476,0.06279462575912476,0,1
/root/autodl-tmp/probe-dinov2-bfree-20261001/data/probe_eval_data/real/r1a2d8b02t.png,probe_eval_data/real/r1a2d8b02t.png,r1a2d8b02t:raise,r1a2d8b02t,0,raise,8.60497760772705,0.9998168349266052,0.9998168349266052,1,0
/root/autodl-tmp/probe-dinov2-bfree-20261001/data/probe_eval_data/real/r07d5eb94t.png,probe_eval_data/real/r07d5eb94t.png,r07d5eb94t:raise,r07d5eb94t,0,raise,3.280155658721924,0.963741660118103,0.963741660118103,1,0
/root/autodl-tmp/probe-dinov2-bfree-20261001/data/probe_eval_data/real/r0f91c753t.png,probe_eval_data/real/r0f91c753t.png,r0f91c753t:raise,r0f91c753t,0,raise,2.1917402744293213,0.8995053768157959,0.8995053768157959,1,0
/root/autodl-tmp/probe-dinov2-bfree-20261001/data/probe_eval_data/real/r0eba1984t.png,probe_eval_data/real/r0eba1984t.png,r0eba1984t:raise,r0eba1984t,0,raise,8.455155372619629,0.9997872710227966,0.9997872710227966,1,0
/root/autodl-tmp/probe-dinov2-bfree-20261001/data/probe_eval_data/real/r09c8e042t.png,probe_eval_data/real/r09c8e042t.png,r09c8e042t:raise,r09c8e042t,0,raise,0.4065002501010895,0.600248396396637,0.600248396396637,1,0
/root/autodl-tmp/probe-dinov2-bfree-20261001/data/probe_eval_data/real/r1ced1907t.png,probe_eval_data/real/r1ced1907t.png,r1ced1907t:raise,r1ced1907t,0,raise,2.8073244094848633,0.9430703520774841,0.9430703520774841,1,0
/root/autodl-tmp/probe-dinov2-bfree-20261001/data/probe_eval_data/real/r15a0b476t.png,probe_eval_data/real/r15a0b476t.png,r15a0b476t:raise,r15a0b476t,0,raise,3.579801082611084,0.9728749990463257,0.9728749990463257,1,0
/root/autodl-tmp/probe-dinov2-bfree-20261001/data/probe_eval_data/real/r0670f47ft.png,probe_eval_data/real/r0670f47ft.png,r0670f47ft:raise,r0670f47ft,0,raise,6.215306282043457,0.9980053305625916,0.9980053305625916,1,0
/root/autodl-tmp/probe-dinov2-bfree-20261001/data/probe_eval_data/real/r1cc0e4e1t.png,probe_eval_data/real/r1cc0e4e1t.png,r1cc0e4e1t:raise,r1cc0e4e1t,0,raise,3.0630223751068115,0.9553413987159729,0.9553413987159729,1,0
/root/autodl-tmp/probe-dinov2-bfree-20261001/data/probe_eval_data/real/r1c243af7t.png,probe_eval_data/real/r1c243af7t.png,r1c243af7t:raise,r1c243af7t,0,raise,10.11941146850586,0.9999597072601318,0.9999597072601318,1,0
/root/autodl-tmp/probe-dinov2-bfree-20261001/data/probe_eval_data/real/r0f5475b5t.png,probe_eval_data/real/r0f5475b5t.png,r0f5475b5t:raise,r0f5475b5t,0,raise,12.985369682312012,0.9999977350234985,0.9999977350234985,1,0
/root/autodl-tmp/probe-dinov2-bfree-20261001/data/probe_eval_data/real/r01a5f38at.png,probe_eval_data/real/r01a5f38at.png,r01a5f38at:raise,r01a5f38at,0,raise,12.150369644165039,0.9999947547912598,0.9999947547912598,1,0
/root/autodl-tmp/probe-dinov2-bfree-20261001/data/probe_eval_data/real/r06cad2d6t.png,probe_eval_data/real/r06cad2d6t.png,r06cad2d6t:raise,r06cad2d6t,0,raise,16.104883193969727,0.9999998807907104,0.9999998807907104,1,0
/root/autodl-tmp/probe-dinov2-bfree-20261001/data/probe_eval_data/real/r13b5b161t.png,probe_eval_data/real/r13b5b161t.png,r13b5b161t:raise,r13b5b161t,0,raise,-4.543172359466553,0.010527591221034527,0.010527591221034527,0,1
/root/autodl-tmp/probe-dinov2-bfree-20261001/data/probe_eval_data/real/r02a0839et.png,probe_eval_data/real/r02a0839et.png,r02a0839et:raise,r02a0839et,0,raise,4.599692344665527,0.9900451302528381,0.9900451302528381,1,0
/root/autodl-tmp/probe-dinov2-bfree-20261001/data/probe_eval_data/real/r12cebbd2t.png,probe_eval_data/real/r12cebbd2t.png,r12cebbd2t:raise,r12cebbd2t,0,raise,6.063570499420166,0.9976792931556702,0.9976792931556702,1,0
/root/autodl-tmp/probe-dinov2-bfree-20261001/data/probe_eval_data/real/r06743f8ft.png,probe_eval_data/real/r06743f8ft.png,r06743f8ft:raise,r06743f8ft,0,raise,2.5429320335388184,0.9270972609519958,0.9270972609519958,1,0
/root/autodl-tmp/probe-dinov2-bfree-20261001/data/probe_eval_data/real/r03f70ccdt.png,probe_eval_data/real/r03f70ccdt.png,r03f70ccdt:raise,r03f70ccdt,0,raise,7.489352703094482,0.9994413256645203,0.9994413256645203,1,0
/root/autodl-tmp/probe-dinov2-bfree-20261001/data/probe_eval_data/real/r0b13d2a2t.png,probe_eval_data/real/r0b13d2a2t.png,r0b13d2a2t:raise,r0b13d2a2t,0,raise,6.532670974731445,0.9985470175743103,0.9985470175743103,1,0
/root/autodl-tmp/probe-dinov2-bfree-20261001/data/probe_eval_data/real/r097088c1t.png,probe_eval_data/real/r097088c1t.png,r097088c1t:raise,r097088c1t,0,raise,10.320731163024902,0.999967098236084,0.999967098236084,1,0
/root/autodl-tmp/probe-dinov2-bfree-20261001/data/probe_eval_data/real/r06888d38t.png,probe_eval_data/real/r06888d38t.png,r06888d38t:raise,r06888d38t,0,raise,11.554072380065918,0.9999903440475464,0.9999903440475464,1,0
/root/autodl-tmp/probe-dinov2-bfree-20261001/data/probe_eval_data/real/r188eb234t.png,probe_eval_data/real/r188eb234t.png,r188eb234t:raise,r188eb234t,0,raise,-5.0408616065979,0.006426604464650154,0.006426604464650154,0,1
/root/autodl-tmp/probe-dinov2-bfree-20261001/data/probe_eval_data/real/r0e661e0dt.png,probe_eval_data/real/r0e661e0dt.png,r0e661e0dt:raise,r0e661e0dt,0,raise,9.029143333435059,0.9998800754547119,0.9998800754547119,1,0
/root/autodl-tmp/probe-dinov2-bfree-20261001/data/probe_eval_data/real/r0b4d8af5t.png,probe_eval_data/real/r0b4d8af5t.png,r0b4d8af5t:raise,r0b4d8af5t,0,raise,3.0650758743286133,0.955428957939148,0.955428957939148,1,0
/root/autodl-tmp/probe-dinov2-bfree-20261001/data/probe_eval_data/real/r03bf5648t.png,probe_eval_data/real/r03bf5648t.png,r03bf5648t:raise,r03bf5648t,0,raise,2.0897440910339355,0.8899024128913879,0.8899024128913879,1,0
/root/autodl-tmp/probe-dinov2-bfree-20261001/data/probe_eval_data/real/r05243256t.png,probe_eval_data/real/r05243256t.png,r05243256t:raise,r05243256t,0,raise,4.561760425567627,0.9896642565727234,0.9896642565727234,1,0
/root/autodl-tmp/probe-dinov2-bfree-20261001/data/probe_eval_data/real/r0c9910e4t.png,probe_eval_data/real/r0c9910e4t.png,r0c9910e4t:raise,r0c9910e4t,0,raise,6.253034591674805,0.9980790615081787,0.9980790615081787,1,0
/root/autodl-tmp/probe-dinov2-bfree-20261001/data/probe_eval_data/real/r1f5ad4e0t.png,probe_eval_data/real/r1f5ad4e0t.png,r1f5ad4e0t:raise,r1f5ad4e0t,0,raise,0.5092057585716248,0.624620258808136,0.624620258808136,1,0
/root/autodl-tmp/probe-dinov2-bfree-20261001/data/probe_eval_data/real/r0809811bt.png,probe_eval_data/real/r0809811bt.png,r0809811bt:raise,r0809811bt,0,raise,2.1691386699676514,0.8974436521530151,0.8974436521530151,1,0
/root/autodl-tmp/probe-dinov2-bfree-20261001/data/probe_eval_data/real/r04989a70t.png,probe_eval_data/real/r04989a70t.png,r04989a70t:raise,r04989a70t,0,raise,8.546219825744629,0.999805748462677,0.999805748462677,1,0
/root/autodl-tmp/probe-dinov2-bfree-20261001/data/probe_eval_data/real/r1ceba29dt.png,probe_eval_data/real/r1ceba29dt.png,r1ceba29dt:raise,r1ceba29dt,0,raise,5.314791679382324,0.9951057434082031,0.9951057434082031,1,0
/root/autodl-tmp/probe-dinov2-bfree-20261001/data/probe_eval_data/real/r1e14f45ct.png,probe_eval_data/real/r1e14f45ct.png,r1e14f45ct:raise,r1e14f45ct,0,raise,-1.9156156778335571,0.12835127115249634,0.12835127115249634,0,1
/root/autodl-tmp/probe-dinov2-bfree-20261001/data/probe_eval_data/real/r1d00d8ect.png,probe_eval_data/real/r1d00d8ect.png,r1d00d8ect:raise,r1d00d8ect,0,raise,6.400826454162598,0.9983425140380859,0.9983425140380859,1,0
/root/autodl-tmp/probe-dinov2-bfree-20261001/data/probe_eval_data/real/r14902ba4t.png,probe_eval_data/real/r14902ba4t.png,r14902ba4t:raise,r14902ba4t,0,raise,8.625731468200684,0.9998206496238708,0.9998206496238708,1,0
/root/autodl-tmp/probe-dinov2-bfree-20261001/data/probe_eval_data/real/r08f2d4c6t.png,probe_eval_data/real/r08f2d4c6t.png,r08f2d4c6t:raise,r08f2d4c6t,0,raise,3.7531628608703613,0.977093517780304,0.977093517780304,1,0
/root/autodl-tmp/probe-dinov2-bfree-20261001/data/probe_eval_data/real/r1c4d4720t.png,probe_eval_data/real/r1c4d4720t.png,r1c4d4720t:raise,r1c4d4720t,0,raise,6.968264579772949,0.9990596175193787,0.9990596175193787,1,0
/root/autodl-tmp/probe-dinov2-bfree-20261001/data/probe_eval_data/real/r09dc6407t.png,probe_eval_data/real/r09dc6407t.png,r09dc6407t:raise,r09dc6407t,0,raise,3.3855843544006348,0.9672510027885437,0.9672510027885437,1,0
/root/autodl-tmp/probe-dinov2-bfree-20261001/data/probe_eval_data/real/r0703243bt.png,probe_eval_data/real/r0703243bt.png,r0703243bt:raise,r0703243bt,0,raise,9.4844388961792,0.9999239444732666,0.9999239444732666,1,0
/root/autodl-tmp/probe-dinov2-bfree-20261001/data/probe_eval_data/real/r10a207det.png,probe_eval_data/real/r10a207det.png,r10a207det:raise,r10a207det,0,raise,11.89470100402832,0.9999932050704956,0.9999932050704956,1,0
/root/autodl-tmp/probe-dinov2-bfree-20261001/data/probe_eval_data/real/r1cd8d9a4t.png,probe_eval_data/real/r1cd8d9a4t.png,r1cd8d9a4t:raise,r1cd8d9a4t,0,raise,-1.141719937324524,0.24200472235679626,0.24200472235679626,0,1
/root/autodl-tmp/probe-dinov2-bfree-20261001/data/probe_eval_data/real/r1a485a99t.png,probe_eval_data/real/r1a485a99t.png,r1a485a99t:raise,r1a485a99t,0,raise,6.141237735748291,0.9978524446487427,0.9978524446487427,1,0
/root/autodl-tmp/probe-dinov2-bfree-20261001/data/probe_eval_data/real/r1a8ee526t.png,probe_eval_data/real/r1a8ee526t.png,r1a8ee526t:raise,r1a8ee526t,0,raise,2.1304776668548584,0.8938303589820862,0.8938303589820862,1,0
/root/autodl-tmp/probe-dinov2-bfree-20261001/data/probe_eval_data/real/r1ea8ccbbt.png,probe_eval_data/real/r1ea8ccbbt.png,r1ea8ccbbt:raise,r1ea8ccbbt,0,raise,5.08705997467041,0.9938617944717407,0.9938617944717407,1,0
/root/autodl-tmp/probe-dinov2-bfree-20261001/data/probe_eval_data/real/r110f894ft.png,probe_eval_data/real/r110f894ft.png,r110f894ft:raise,r110f894ft,0,raise,10.832683563232422,0.9999802112579346,0.9999802112579346,1,0
/root/autodl-tmp/probe-dinov2-bfree-20261001/data/probe_eval_data/real/r16422663t.png,probe_eval_data/real/r16422663t.png,r16422663t:raise,r16422663t,0,raise,20.640411376953125,1.0,1.0,1,0
/root/autodl-tmp/probe-dinov2-bfree-20261001/data/probe_eval_data/real/r1aa4db16t.png,probe_eval_data/real/r1aa4db16t.png,r1aa4db16t:raise,r1aa4db16t,0,raise,-10.508810997009277,2.7294147002976388e-05,2.7294147002976388e-05,0,1
/root/autodl-tmp/probe-dinov2-bfree-20261001/data/probe_eval_data/real/r193b12aet.png,probe_eval_data/real/r193b12aet.png,r193b12aet:raise,r193b12aet,0,raise,-4.660515785217285,0.009372898377478123,0.009372898377478123,0,1
/root/autodl-tmp/probe-dinov2-bfree-20261001/data/probe_eval_data/real/r1f4f8a51t.png,probe_eval_data/real/r1f4f8a51t.png,r1f4f8a51t:raise,r1f4f8a51t,0,raise,9.845904350280762,0.9999470710754395,0.9999470710754395,1,0
/root/autodl-tmp/probe-dinov2-bfree-20261001/data/probe_eval_data/real/r0ba4c4c0t.png,probe_eval_data/real/r0ba4c4c0t.png,r0ba4c4c0t:raise,r0ba4c4c0t,0,raise,6.869901657104492,0.9989625215530396,0.9989625215530396,1,0
/root/autodl-tmp/probe-dinov2-bfree-20261001/data/probe_eval_data/real/r0141f0c9t.png,probe_eval_data/real/r0141f0c9t.png,r0141f0c9t:raise,r0141f0c9t,0,raise,3.6402666568756104,0.9744258522987366,0.9744258522987366,1,0
/root/autodl-tmp/probe-dinov2-bfree-20261001/data/probe_eval_data/real/r0225b88bt.png,probe_eval_data/real/r0225b88bt.png,r0225b88bt:raise,r0225b88bt,0,raise,5.6466474533081055,0.9964830875396729,0.9964830875396729,1,0
/root/autodl-tmp/probe-dinov2-bfree-20261001/data/probe_eval_data/real/r02354285t.png,probe_eval_data/real/r02354285t.png,r02354285t:raise,r02354285t,0,raise,5.209765434265137,0.9945666790008545,0.9945666790008545,1,0
/root/autodl-tmp/probe-dinov2-bfree-20261001/data/probe_eval_data/real/r06bfc92at.png,probe_eval_data/real/r06bfc92at.png,r06bfc92at:raise,r06bfc92at,0,raise,3.188751220703125,0.9604088068008423,0.9604088068008423,1,0
/root/autodl-tmp/probe-dinov2-bfree-20261001/data/probe_eval_data/real/r07598392t.png,probe_eval_data/real/r07598392t.png,r07598392t:raise,r07598392t,0,raise,2.496428966522217,0.9238911271095276,0.9238911271095276,1,0
/root/autodl-tmp/probe-dinov2-bfree-20261001/data/probe_eval_data/real/r042d7b17t.png,probe_eval_data/real/r042d7b17t.png,r042d7b17t:raise,r042d7b17t,0,raise,5.257187843322754,0.9948170781135559,0.9948170781135559,1,0
/root/autodl-tmp/probe-dinov2-bfree-20261001/data/probe_eval_data/real/r13b45303t.png,probe_eval_data/real/r13b45303t.png,r13b45303t:raise,r13b45303t,0,raise,9.140541076660156,0.9998927116394043,0.9998927116394043,1,0
/root/autodl-tmp/probe-dinov2-bfree-20261001/data/probe_eval_data/real/r12d4cabat.png,probe_eval_data/real/r12d4cabat.png,r12d4cabat:raise,r12d4cabat,0,raise,15.982973098754883,0.9999998807907104,0.9999998807907104,1,0
/root/autodl-tmp/probe-dinov2-bfree-20261001/data/probe_eval_data/real/r1d527f65t.png,probe_eval_data/real/r1d527f65t.png,r1d527f65t:raise,r1d527f65t,0,raise,18.311864852905273,1.0,1.0,1,0
/root/autodl-tmp/probe-dinov2-bfree-20261001/data/probe_eval_data/real/r042d5308t.png,probe_eval_data/real/r042d5308t.png,r042d5308t:raise,r042d5308t,0,raise,-0.6480351090431213,0.3434324264526367,0.3434324264526367,0,1
/root/autodl-tmp/probe-dinov2-bfree-20261001/data/probe_eval_data/real/r116ce066t.png,probe_eval_data/real/r116ce066t.png,r116ce066t:raise,r116ce066t,0,raise,2.5793652534484863,0.9295216798782349,0.9295216798782349,1,0
/root/autodl-tmp/probe-dinov2-bfree-20261001/data/probe_eval_data/real/r150058a4t.png,probe_eval_data/real/r150058a4t.png,r150058a4t:raise,r150058a4t,0,raise,0.026811037212610245,0.5067023634910583,0.5067023634910583,1,0
/root/autodl-tmp/probe-dinov2-bfree-20261001/data/probe_eval_data/real/r0ed019a4t.png,probe_eval_data/real/r0ed019a4t.png,r0ed019a4t:raise,r0ed019a4t,0,raise,14.207844734191895,0.9999992847442627,0.9999992847442627,1,0
/root/autodl-tmp/probe-dinov2-bfree-20261001/data/probe_eval_data/real/r1aa53167t.png,probe_eval_data/real/r1aa53167t.png,r1aa53167t:raise,r1aa53167t,0,raise,4.550628662109375,0.9895498752593994,0.9895498752593994,1,0
/root/autodl-tmp/probe-dinov2-bfree-20261001/data/probe_eval_data/real/r0a54ed98t.png,probe_eval_data/real/r0a54ed98t.png,r0a54ed98t:raise,r0a54ed98t,0,raise,-0.6396287083625793,0.34533047676086426,0.34533047676086426,0,1
/root/autodl-tmp/probe-dinov2-bfree-20261001/data/probe_eval_data/real/r06b7849at.png,probe_eval_data/real/r06b7849at.png,r06b7849at:raise,r06b7849at,0,raise,23.748899459838867,1.0,1.0,1,0
/root/autodl-tmp/probe-dinov2-bfree-20261001/data/probe_eval_data/real/r066ef803t.png,probe_eval_data/real/r066ef803t.png,r066ef803t:raise,r066ef803t,0,raise,5.713951587677002,0.996711254119873,0.996711254119873,1,0
/root/autodl-tmp/probe-dinov2-bfree-20261001/data/probe_eval_data/real/r1717ae55t.png,probe_eval_data/real/r1717ae55t.png,r1717ae55t:raise,r1717ae55t,0,raise,1.16022527217865,0.7613736987113953,0.7613736987113953,1,0
/root/autodl-tmp/probe-dinov2-bfree-20261001/data/probe_eval_data/real/r021429abt.png,probe_eval_data/real/r021429abt.png,r021429abt:raise,r021429abt,0,raise,11.246766090393066,0.999987006187439,0.999987006187439,1,0
/root/autodl-tmp/probe-dinov2-bfree-20261001/data/probe_eval_data/real/r1e698e5dt.png,probe_eval_data/real/r1e698e5dt.png,r1e698e5dt:raise,r1e698e5dt,0,raise,3.062283992767334,0.9553099274635315,0.9553099274635315,1,0
/root/autodl-tmp/probe-dinov2-bfree-20261001/data/probe_eval_data/real/r1554cfadt.png,probe_eval_data/real/r1554cfadt.png,r1554cfadt:raise,r1554cfadt,0,raise,14.292844772338867,0.9999994039535522,0.9999994039535522,1,0
/root/autodl-tmp/probe-dinov2-bfree-20261001/data/probe_eval_data/real/r00c4a543t.png,probe_eval_data/real/r00c4a543t.png,r00c4a543t:raise,r00c4a543t,0,raise,4.491534233093262,0.9889206886291504,0.9889206886291504,1,0
/root/autodl-tmp/probe-dinov2-bfree-20261001/data/probe_eval_data/real/r1a020c3ft.png,probe_eval_data/real/r1a020c3ft.png,r1a020c3ft:raise,r1a020c3ft,0,raise,7.161060810089111,0.9992244243621826,0.9992244243621826,1,0
/root/autodl-tmp/probe-dinov2-bfree-20261001/data/probe_eval_data/real/r0ebb0bb4t.png,probe_eval_data/real/r0ebb0bb4t.png,r0ebb0bb4t:raise,r0ebb0bb4t,0,raise,-4.214086055755615,0.014570393599569798,0.014570393599569798,0,1
/root/autodl-tmp/probe-dinov2-bfree-20261001/data/probe_eval_data/real/r1234de87t.png,probe_eval_data/real/r1234de87t.png,r1234de87t:raise,r1234de87t,0,raise,7.829626083374023,0.9996023774147034,0.9996023774147034,1,0
/root/autodl-tmp/probe-dinov2-bfree-20261001/data/probe_eval_data/real/r0e5b5159t.png,probe_eval_data/real/r0e5b5159t.png,r0e5b5159t:raise,r0e5b5159t,0,raise,-2.4216103553771973,0.0815395712852478,0.0815395712852478,0,1
/root/autodl-tmp/probe-dinov2-bfree-20261001/data/probe_eval_data/real/r1915909et.png,probe_eval_data/real/r1915909et.png,r1915909et:raise,r1915909et,0,raise,0.20106640458106995,0.5500979423522949,0.5500979423522949,1,0
/root/autodl-tmp/probe-dinov2-bfree-20261001/data/probe_eval_data/real/r1ead3024t.png,probe_eval_data/real/r1ead3024t.png,r1ead3024t:raise,r1ead3024t,0,raise,6.058551788330078,0.9976676106452942,0.9976676106452942,1,0
/root/autodl-tmp/probe-dinov2-bfree-20261001/data/probe_eval_data/real/r085bdbe2t.png,probe_eval_data/real/r085bdbe2t.png,r085bdbe2t:raise,r085bdbe2t,0,raise,2.9847631454467773,0.951880931854248,0.951880931854248,1,0
/root/autodl-tmp/probe-dinov2-bfree-20261001/data/probe_eval_data/real/r0a42c0f6t.png,probe_eval_data/real/r0a42c0f6t.png,r0a42c0f6t:raise,r0a42c0f6t,0,raise,4.114230155944824,0.9839242100715637,0.9839242100715637,1,0
/root/autodl-tmp/probe-dinov2-bfree-20261001/data/probe_eval_data/real/r1c028de8t.png,probe_eval_data/real/r1c028de8t.png,r1c028de8t:raise,r1c028de8t,0,raise,2.6235790252685547,0.932363748550415,0.932363748550415,1,0
/root/autodl-tmp/probe-dinov2-bfree-20261001/data/probe_eval_data/real/r1297fd0bt.png,probe_eval_data/real/r1297fd0bt.png,r1297fd0bt:raise,r1297fd0bt,0,raise,2.3667399883270264,0.9142556190490723,0.9142556190490723,1,0
/root/autodl-tmp/probe-dinov2-bfree-20261001/data/probe_eval_data/real/r113402d4t.png,probe_eval_data/real/r113402d4t.png,r113402d4t:raise,r113402d4t,0,raise,1.764161229133606,0.8537300229072571,0.8537300229072571,1,0
/root/autodl-tmp/probe-dinov2-bfree-20261001/data/probe_eval_data/real/r0ff7a848t.png,probe_eval_data/real/r0ff7a848t.png,r0ff7a848t:raise,r0ff7a848t,0,raise,2.5823774337768555,0.9297187924385071,0.9297187924385071,1,0
/root/autodl-tmp/probe-dinov2-bfree-20261001/data/probe_eval_data/real/r1c874ac4t.png,probe_eval_data/real/r1c874ac4t.png,r1c874ac4t:raise,r1c874ac4t,0,raise,2.1434264183044434,0.8950529098510742,0.8950529098510742,1,0
/root/autodl-tmp/probe-dinov2-bfree-20261001/data/probe_eval_data/real/r126a22b8t.png,probe_eval_data/real/r126a22b8t.png,r126a22b8t:raise,r126a22b8t,0,raise,5.126771450042725,0.9940993785858154,0.9940993785858154,1,0
/root/autodl-tmp/probe-dinov2-bfree-20261001/data/probe_eval_data/real/r0eab8214t.png,probe_eval_data/real/r0eab8214t.png,r0eab8214t:raise,r0eab8214t,0,raise,3.2692863941192627,0.9633599519729614,0.9633599519729614,1,0
/root/autodl-tmp/probe-dinov2-bfree-20261001/data/probe_eval_data/real/r162b2209t.png,probe_eval_data/real/r162b2209t.png,r162b2209t:raise,r162b2209t,0,raise,4.867157936096191,0.9923635721206665,0.9923635721206665,1,0
/root/autodl-tmp/probe-dinov2-bfree-20261001/data/probe_eval_data/real/r02b7536at.png,probe_eval_data/real/r02b7536at.png,r02b7536at:raise,r02b7536at,0,raise,2.3037891387939453,0.9091904163360596,0.9091904163360596,1,0
/root/autodl-tmp/probe-dinov2-bfree-20261001/data/probe_eval_data/real/r1bd70210t.png,probe_eval_data/real/r1bd70210t.png,r1bd70210t:raise,r1bd70210t,0,raise,0.3109554350376129,0.577118456363678,0.577118456363678,1,0
/root/autodl-tmp/probe-dinov2-bfree-20261001/data/probe_eval_data/real/r17b2f789t.png,probe_eval_data/real/r17b2f789t.png,r17b2f789t:raise,r17b2f789t,0,raise,14.223596572875977,0.9999992847442627,0.9999992847442627,1,0
/root/autodl-tmp/probe-dinov2-bfree-20261001/data/probe_eval_data/real/r00b8d4a2t.png,probe_eval_data/real/r00b8d4a2t.png,r00b8d4a2t:raise,r00b8d4a2t,0,raise,12.96440315246582,0.999997615814209,0.999997615814209,1,0
/root/autodl-tmp/probe-dinov2-bfree-20261001/data/probe_eval_data/real/r088dcebft.png,probe_eval_data/real/r088dcebft.png,r088dcebft:raise,r088dcebft,0,raise,7.43153190612793,0.9994081258773804,0.9994081258773804,1,0
/root/autodl-tmp/probe-dinov2-bfree-20261001/data/probe_eval_data/fake_flux/r0c03e364t.png,probe_eval_data/fake_flux/r0c03e364t.png,r0c03e364t:flux,r0c03e364t,1,flux,22.308046340942383,1.0,1.0,1,1
/root/autodl-tmp/probe-dinov2-bfree-20261001/data/probe_eval_data/fake_sd35/r0c03e364t.png,probe_eval_data/fake_sd35/r0c03e364t.png,r0c03e364t:sd3_5,r0c03e364t,1,sd3_5,12.82524585723877,0.9999972581863403,0.9999972581863403,1,1
/root/autodl-tmp/probe-dinov2-bfree-20261001/data/probe_eval_data/fake_flux/r12f3bbfat.png,probe_eval_data/fake_flux/r12f3bbfat.png,r12f3bbfat:flux,r12f3bbfat,1,flux,3.6030659675598145,0.9734823107719421,0.9734823107719421,1,1
/root/autodl-tmp/probe-dinov2-bfree-20261001/data/probe_eval_data/fake_sd35/r12f3bbfat.png,probe_eval_data/fake_sd35/r12f3bbfat.png,r12f3bbfat:sd3_5,r12f3bbfat,1,sd3_5,7.479367256164551,0.9994357228279114,0.9994357228279114,1,1
/root/autodl-tmp/probe-dinov2-bfree-20261001/data/probe_eval_data/fake_flux/r1c070921t.png,probe_eval_data/fake_flux/r1c070921t.png,r1c070921t:flux,r1c070921t,1,flux,4.736550807952881,0.9913074374198914,0.9913074374198914,1,1
/root/autodl-tmp/probe-dinov2-bfree-20261001/data/probe_eval_data/fake_sd35/r1c070921t.png,probe_eval_data/fake_sd35/r1c070921t.png,r1c070921t:sd3_5,r1c070921t,1,sd3_5,3.4432694911956787,0.9690297842025757,0.9690297842025757,1,1
/root/autodl-tmp/probe-dinov2-bfree-20261001/data/probe_eval_data/fake_flux/r08b05c94t.png,probe_eval_data/fake_flux/r08b05c94t.png,r08b05c94t:flux,r08b05c94t,1,flux,5.156597137451172,0.9942717552185059,0.9942717552185059,1,1
/root/autodl-tmp/probe-dinov2-bfree-20261001/data/probe_eval_data/fake_sd35/r08b05c94t.png,probe_eval_data/fake_sd35/r08b05c94t.png,r08b05c94t:sd3_5,r08b05c94t,1,sd3_5,10.523272514343262,0.9999730587005615,0.9999730587005615,1,1
/root/autodl-tmp/probe-dinov2-bfree-20261001/data/probe_eval_data/fake_flux/r0ed844b5t.png,probe_eval_data/fake_flux/r0ed844b5t.png,r0ed844b5t:flux,r0ed844b5t,1,flux,6.796623229980469,0.9988836646080017,0.9988836646080017,1,1
/root/autodl-tmp/probe-dinov2-bfree-20261001/data/probe_eval_data/fake_sd35/r0ed844b5t.png,probe_eval_data/fake_sd35/r0ed844b5t.png,r0ed844b5t:sd3_5,r0ed844b5t,1,sd3_5,-0.6748033165931702,0.33742213249206543,0.33742213249206543,0,0
/root/autodl-tmp/probe-dinov2-bfree-20261001/data/probe_eval_data/fake_flux/r0773471dt.png,probe_eval_data/fake_flux/r0773471dt.png,r0773471dt:flux,r0773471dt,1,flux,1.4214204549789429,0.8055610060691833,0.8055610060691833,1,1
/root/autodl-tmp/probe-dinov2-bfree-20261001/data/probe_eval_data/fake_sd35/r0773471dt.png,probe_eval_data/fake_sd35/r0773471dt.png,r0773471dt:sd3_5,r0773471dt,1,sd3_5,8.01370620727539,0.9996691942214966,0.9996691942214966,1,1
/root/autodl-tmp/probe-dinov2-bfree-20261001/data/probe_eval_data/fake_flux/r1c402787t.png,probe_eval_data/fake_flux/r1c402787t.png,r1c402787t:flux,r1c402787t,1,flux,-2.5022850036621094,0.07569815218448639,0.07569815218448639,0,0
/root/autodl-tmp/probe-dinov2-bfree-20261001/data/probe_eval_data/fake_sd35/r1c402787t.png,probe_eval_data/fake_sd35/r1c402787t.png,r1c402787t:sd3_5,r1c402787t,1,sd3_5,10.563984870910645,0.9999741315841675,0.9999741315841675,1,1
/root/autodl-tmp/probe-dinov2-bfree-20261001/data/probe_eval_data/fake_flux/r1743fb6bt.png,probe_eval_data/fake_flux/r1743fb6bt.png,r1743fb6bt:flux,r1743fb6bt,1,flux,-2.148590326309204,0.10446302592754364,0.10446302592754364,0,0
/root/autodl-tmp/probe-dinov2-bfree-20261001/data/probe_eval_data/fake_sd35/r1743fb6bt.png,probe_eval_data/fake_sd35/r1743fb6bt.png,r1743fb6bt:sd3_5,r1743fb6bt,1,sd3_5,6.380929946899414,0.9983092546463013,0.9983092546463013,1,1
/root/autodl-tmp/probe-dinov2-bfree-20261001/data/probe_eval_data/fake_flux/r1a2d8b02t.png,probe_eval_data/fake_flux/r1a2d8b02t.png,r1a2d8b02t:flux,r1a2d8b02t,1,flux,9.237130165100098,0.999902606010437,0.999902606010437,1,1
/root/autodl-tmp/probe-dinov2-bfree-20261001/data/probe_eval_data/fake_sd35/r1a2d8b02t.png,probe_eval_data/fake_sd35/r1a2d8b02t.png,r1a2d8b02t:sd3_5,r1a2d8b02t,1,sd3_5,2.857194423675537,0.9456893801689148,0.9456893801689148,1,1
/root/autodl-tmp/probe-dinov2-bfree-20261001/data/probe_eval_data/fake_flux/r07d5eb94t.png,probe_eval_data/fake_flux/r07d5eb94t.png,r07d5eb94t:flux,r07d5eb94t,1,flux,16.150653839111328,0.9999998807907104,0.9999998807907104,1,1
/root/autodl-tmp/probe-dinov2-bfree-20261001/data/probe_eval_data/fake_sd35/r07d5eb94t.png,probe_eval_data/fake_sd35/r07d5eb94t.png,r07d5eb94t:sd3_5,r07d5eb94t,1,sd3_5,1.0479296445846558,0.7403771877288818,0.7403771877288818,1,1
/root/autodl-tmp/probe-dinov2-bfree-20261001/data/probe_eval_data/fake_flux/r0f91c753t.png,probe_eval_data/fake_flux/r0f91c753t.png,r0f91c753t:flux,r0f91c753t,1,flux,-0.6083336472511292,0.35243943333625793,0.35243943333625793,0,0
/root/autodl-tmp/probe-dinov2-bfree-20261001/data/probe_eval_data/fake_sd35/r0f91c753t.png,probe_eval_data/fake_sd35/r0f91c753t.png,r0f91c753t:sd3_5,r0f91c753t,1,sd3_5,10.810633659362793,0.9999798536300659,0.9999798536300659,1,1
/root/autodl-tmp/probe-dinov2-bfree-20261001/data/probe_eval_data/fake_flux/r0eba1984t.png,probe_eval_data/fake_flux/r0eba1984t.png,r0eba1984t:flux,r0eba1984t,1,flux,4.432981967926025,0.9882605075836182,0.9882605075836182,1,1
/root/autodl-tmp/probe-dinov2-bfree-20261001/data/probe_eval_data/fake_sd35/r0eba1984t.png,probe_eval_data/fake_sd35/r0eba1984t.png,r0eba1984t:sd3_5,r0eba1984t,1,sd3_5,10.527066230773926,0.9999731779098511,0.9999731779098511,1,1
/root/autodl-tmp/probe-dinov2-bfree-20261001/data/probe_eval_data/fake_flux/r09c8e042t.png,probe_eval_data/fake_flux/r09c8e042t.png,r09c8e042t:flux,r09c8e042t,1,flux,5.15626335144043,0.994269847869873,0.994269847869873,1,1
/root/autodl-tmp/probe-dinov2-bfree-20261001/data/probe_eval_data/fake_sd35/r09c8e042t.png,probe_eval_data/fake_sd35/r09c8e042t.png,r09c8e042t:sd3_5,r09c8e042t,1,sd3_5,8.65331745147705,0.9998255372047424,0.9998255372047424,1,1
/root/autodl-tmp/probe-dinov2-bfree-20261001/data/probe_eval_data/fake_flux/r1ced1907t.png,probe_eval_data/fake_flux/r1ced1907t.png,r1ced1907t:flux,r1ced1907t,1,flux,2.0425829887390137,0.8851960301399231,0.8851960301399231,1,1
/root/autodl-tmp/probe-dinov2-bfree-20261001/data/probe_eval_data/fake_sd35/r1ced1907t.png,probe_eval_data/fake_sd35/r1ced1907t.png,r1ced1907t:sd3_5,r1ced1907t,1,sd3_5,0.7551676630973816,0.6803036332130432,0.6803036332130432,1,1
/root/autodl-tmp/probe-dinov2-bfree-20261001/data/probe_eval_data/fake_flux/r15a0b476t.png,probe_eval_data/fake_flux/r15a0b476t.png,r15a0b476t:flux,r15a0b476t,1,flux,5.420470714569092,0.9955944418907166,0.9955944418907166,1,1
/root/autodl-tmp/probe-dinov2-bfree-20261001/data/probe_eval_data/fake_sd35/r15a0b476t.png,probe_eval_data/fake_sd35/r15a0b476t.png,r15a0b476t:sd3_5,r15a0b476t,1,sd3_5,3.015061855316162,0.9532499313354492,0.9532499313354492,1,1
/root/autodl-tmp/probe-dinov2-bfree-20261001/data/probe_eval_data/fake_flux/r0670f47ft.png,probe_eval_data/fake_flux/r0670f47ft.png,r0670f47ft:flux,r0670f47ft,1,flux,2.839919090270996,0.9447951912879944,0.9447951912879944,1,1
/root/autodl-tmp/probe-dinov2-bfree-20261001/data/probe_eval_data/fake_sd35/r0670f47ft.png,probe_eval_data/fake_sd35/r0670f47ft.png,r0670f47ft:sd3_5,r0670f47ft,1,sd3_5,2.315176486968994,0.9101261496543884,0.9101261496543884,1,1
/root/autodl-tmp/probe-dinov2-bfree-20261001/data/probe_eval_data/fake_flux/r1cc0e4e1t.png,probe_eval_data/fake_flux/r1cc0e4e1t.png,r1cc0e4e1t:flux,r1cc0e4e1t,1,flux,4.691653251647949,0.9909118413925171,0.9909118413925171,1,1
/root/autodl-tmp/probe-dinov2-bfree-20261001/data/probe_eval_data/fake_sd35/r1cc0e4e1t.png,probe_eval_data/fake_sd35/r1cc0e4e1t.png,r1cc0e4e1t:sd3_5,r1cc0e4e1t,1,sd3_5,12.363676071166992,0.9999957084655762,0.9999957084655762,1,1
/root/autodl-tmp/probe-dinov2-bfree-20261001/data/probe_eval_data/fake_flux/r1c243af7t.png,probe_eval_data/fake_flux/r1c243af7t.png,r1c243af7t:flux,r1c243af7t,1,flux,-0.0767267644405365,0.4808277189731598,0.4808277189731598,0,0
/root/autodl-tmp/probe-dinov2-bfree-20261001/data/probe_eval_data/fake_sd35/r1c243af7t.png,probe_eval_data/fake_sd35/r1c243af7t.png,r1c243af7t:sd3_5,r1c243af7t,1,sd3_5,4.063540458679199,0.9831023812294006,0.9831023812294006,1,1
/root/autodl-tmp/probe-dinov2-bfree-20261001/data/probe_eval_data/fake_flux/r0f5475b5t.png,probe_eval_data/fake_flux/r0f5475b5t.png,r0f5475b5t:flux,r0f5475b5t,1,flux,2.1101293563842773,0.8918838500976562,0.8918838500976562,1,1
/root/autodl-tmp/probe-dinov2-bfree-20261001/data/probe_eval_data/fake_sd35/r0f5475b5t.png,probe_eval_data/fake_sd35/r0f5475b5t.png,r0f5475b5t:sd3_5,r0f5475b5t,1,sd3_5,11.664180755615234,0.9999914169311523,0.9999914169311523,1,1
/root/autodl-tmp/probe-dinov2-bfree-20261001/data/probe_eval_data/fake_flux/r01a5f38at.png,probe_eval_data/fake_flux/r01a5f38at.png,r01a5f38at:flux,r01a5f38at,1,flux,-1.5216509103775024,0.17921854555606842,0.17921854555606842,0,0
/root/autodl-tmp/probe-dinov2-bfree-20261001/data/probe_eval_data/fake_sd35/r01a5f38at.png,probe_eval_data/fake_sd35/r01a5f38at.png,r01a5f38at:sd3_5,r01a5f38at,1,sd3_5,5.031959056854248,0.9935163259506226,0.9935163259506226,1,1
/root/autodl-tmp/probe-dinov2-bfree-20261001/data/probe_eval_data/fake_flux/r06cad2d6t.png,probe_eval_data/fake_flux/r06cad2d6t.png,r06cad2d6t:flux,r06cad2d6t,1,flux,4.559605598449707,0.9896422028541565,0.9896422028541565,1,1
/root/autodl-tmp/probe-dinov2-bfree-20261001/data/probe_eval_data/fake_sd35/r06cad2d6t.png,probe_eval_data/fake_sd35/r06cad2d6t.png,r06cad2d6t:sd3_5,r06cad2d6t,1,sd3_5,5.289454460144043,0.9949808716773987,0.9949808716773987,1,1
/root/autodl-tmp/probe-dinov2-bfree-20261001/data/probe_eval_data/fake_flux/r13b5b161t.png,probe_eval_data/fake_flux/r13b5b161t.png,r13b5b161t:flux,r13b5b161t,1,flux,8.695023536682129,0.9998326301574707,0.9998326301574707,1,1
/root/autodl-tmp/probe-dinov2-bfree-20261001/data/probe_eval_data/fake_sd35/r13b5b161t.png,probe_eval_data/fake_sd35/r13b5b161t.png,r13b5b161t:sd3_5,r13b5b161t,1,sd3_5,8.259123802185059,0.9997411370277405,0.9997411370277405,1,1
/root/autodl-tmp/probe-dinov2-bfree-20261001/data/probe_eval_data/fake_flux/r02a0839et.png,probe_eval_data/fake_flux/r02a0839et.png,r02a0839et:flux,r02a0839et,1,flux,-6.763519287109375,0.0011538239195942879,0.0011538239195942879,0,0
/root/autodl-tmp/probe-dinov2-bfree-20261001/data/probe_eval_data/fake_sd35/r02a0839et.png,probe_eval_data/fake_sd35/r02a0839et.png,r02a0839et:sd3_5,r02a0839et,1,sd3_5,1.7781165838241577,0.8554641604423523,0.8554641604423523,1,1
/root/autodl-tmp/probe-dinov2-bfree-20261001/data/probe_eval_data/fake_flux/r12cebbd2t.png,probe_eval_data/fake_flux/r12cebbd2t.png,r12cebbd2t:flux,r12cebbd2t,1,flux,4.830638408660889,0.9920817613601685,0.9920817613601685,1,1
/root/autodl-tmp/probe-dinov2-bfree-20261001/data/probe_eval_data/fake_sd35/r12cebbd2t.png,probe_eval_data/fake_sd35/r12cebbd2t.png,r12cebbd2t:sd3_5,r12cebbd2t,1,sd3_5,1.4843233823776245,0.8152247667312622,0.8152247667312622,1,1
/root/autodl-tmp/probe-dinov2-bfree-20261001/data/probe_eval_data/fake_flux/r06743f8ft.png,probe_eval_data/fake_flux/r06743f8ft.png,r06743f8ft:flux,r06743f8ft,1,flux,7.3594069480896,0.9993638396263123,0.9993638396263123,1,1
/root/autodl-tmp/probe-dinov2-bfree-20261001/data/probe_eval_data/fake_sd35/r06743f8ft.png,probe_eval_data/fake_sd35/r06743f8ft.png,r06743f8ft:sd3_5,r06743f8ft,1,sd3_5,3.902114152908325,0.9802007675170898,0.9802007675170898,1,1
/root/autodl-tmp/probe-dinov2-bfree-20261001/data/probe_eval_data/fake_flux/r03f70ccdt.png,probe_eval_data/fake_flux/r03f70ccdt.png,r03f70ccdt:flux,r03f70ccdt,1,flux,3.7227110862731934,0.9764019250869751,0.9764019250869751,1,1
/root/autodl-tmp/probe-dinov2-bfree-20261001/data/probe_eval_data/fake_sd35/r03f70ccdt.png,probe_eval_data/fake_sd35/r03f70ccdt.png,r03f70ccdt:sd3_5,r03f70ccdt,1,sd3_5,6.976164817810059,0.9990670084953308,0.9990670084953308,1,1
/root/autodl-tmp/probe-dinov2-bfree-20261001/data/probe_eval_data/fake_flux/r0b13d2a2t.png,probe_eval_data/fake_flux/r0b13d2a2t.png,r0b13d2a2t:flux,r0b13d2a2t,1,flux,0.6129898428916931,0.6486225128173828,0.6486225128173828,1,1
/root/autodl-tmp/probe-dinov2-bfree-20261001/data/probe_eval_data/fake_sd35/r0b13d2a2t.png,probe_eval_data/fake_sd35/r0b13d2a2t.png,r0b13d2a2t:sd3_5,r0b13d2a2t,1,sd3_5,15.341708183288574,0.9999997615814209,0.9999997615814209,1,1
/root/autodl-tmp/probe-dinov2-bfree-20261001/data/probe_eval_data/fake_flux/r097088c1t.png,probe_eval_data/fake_flux/r097088c1t.png,r097088c1t:flux,r097088c1t,1,flux,5.34444522857666,0.9952481389045715,0.9952481389045715,1,1
/root/autodl-tmp/probe-dinov2-bfree-20261001/data/probe_eval_data/fake_sd35/r097088c1t.png,probe_eval_data/fake_sd35/r097088c1t.png,r097088c1t:sd3_5,r097088c1t,1,sd3_5,1.7095788717269897,0.8467816710472107,0.8467816710472107,1,1
/root/autodl-tmp/probe-dinov2-bfree-20261001/data/probe_eval_data/fake_flux/r06888d38t.png,probe_eval_data/fake_flux/r06888d38t.png,r06888d38t:flux,r06888d38t,1,flux,5.842563152313232,0.9971069693565369,0.9971069693565369,1,1
/root/autodl-tmp/probe-dinov2-bfree-20261001/data/probe_eval_data/fake_sd35/r06888d38t.png,probe_eval_data/fake_sd35/r06888d38t.png,r06888d38t:sd3_5,r06888d38t,1,sd3_5,-1.7177118062973022,0.15216612815856934,0.15216612815856934,0,0
/root/autodl-tmp/probe-dinov2-bfree-20261001/data/probe_eval_data/fake_flux/r188eb234t.png,probe_eval_data/fake_flux/r188eb234t.png,r188eb234t:flux,r188eb234t,1,flux,3.627559185028076,0.9741073250770569,0.9741073250770569,1,1
/root/autodl-tmp/probe-dinov2-bfree-20261001/data/probe_eval_data/fake_sd35/r188eb234t.png,probe_eval_data/fake_sd35/r188eb234t.png,r188eb234t:sd3_5,r188eb234t,1,sd3_5,3.8507964611053467,0.9791799187660217,0.9791799187660217,1,1
/root/autodl-tmp/probe-dinov2-bfree-20261001/data/probe_eval_data/fake_flux/r0e661e0dt.png,probe_eval_data/fake_flux/r0e661e0dt.png,r0e661e0dt:flux,r0e661e0dt,1,flux,0.005693349987268448,0.5014233589172363,0.5014233589172363,1,1
/root/autodl-tmp/probe-dinov2-bfree-20261001/data/probe_eval_data/fake_sd35/r0e661e0dt.png,probe_eval_data/fake_sd35/r0e661e0dt.png,r0e661e0dt:sd3_5,r0e661e0dt,1,sd3_5,7.718940258026123,0.9995558857917786,0.9995558857917786,1,1
/root/autodl-tmp/probe-dinov2-bfree-20261001/data/probe_eval_data/fake_flux/r0b4d8af5t.png,probe_eval_data/fake_flux/r0b4d8af5t.png,r0b4d8af5t:flux,r0b4d8af5t,1,flux,-2.6505286693573,0.06595643609762192,0.06595643609762192,0,0
/root/autodl-tmp/probe-dinov2-bfree-20261001/data/probe_eval_data/fake_sd35/r0b4d8af5t.png,probe_eval_data/fake_sd35/r0b4d8af5t.png,r0b4d8af5t:sd3_5,r0b4d8af5t,1,sd3_5,6.3100996017456055,0.9981854557991028,0.9981854557991028,1,1
/root/autodl-tmp/probe-dinov2-bfree-20261001/data/probe_eval_data/fake_flux/r03bf5648t.png,probe_eval_data/fake_flux/r03bf5648t.png,r03bf5648t:flux,r03bf5648t,1,flux,7.463178634643555,0.9994264841079712,0.9994264841079712,1,1
/root/autodl-tmp/probe-dinov2-bfree-20261001/data/probe_eval_data/fake_sd35/r03bf5648t.png,probe_eval_data/fake_sd35/r03bf5648t.png,r03bf5648t:sd3_5,r03bf5648t,1,sd3_5,7.056671619415283,0.9991390705108643,0.9991390705108643,1,1
/root/autodl-tmp/probe-dinov2-bfree-20261001/data/probe_eval_data/fake_flux/r05243256t.png,probe_eval_data/fake_flux/r05243256t.png,r05243256t:flux,r05243256t,1,flux,-2.019066333770752,0.11721556633710861,0.11721556633710861,0,0
/root/autodl-tmp/probe-dinov2-bfree-20261001/data/probe_eval_data/fake_sd35/r05243256t.png,probe_eval_data/fake_sd35/r05243256t.png,r05243256t:sd3_5,r05243256t,1,sd3_5,1.0264474153518677,0.7362265586853027,0.7362265586853027,1,1
/root/autodl-tmp/probe-dinov2-bfree-20261001/data/probe_eval_data/fake_flux/r0c9910e4t.png,probe_eval_data/fake_flux/r0c9910e4t.png,r0c9910e4t:flux,r0c9910e4t,1,flux,4.089283466339111,0.9835246801376343,0.9835246801376343,1,1
/root/autodl-tmp/probe-dinov2-bfree-20261001/data/probe_eval_data/fake_sd35/r0c9910e4t.png,probe_eval_data/fake_sd35/r0c9910e4t.png,r0c9910e4t:sd3_5,r0c9910e4t,1,sd3_5,6.884989261627197,0.9989780187606812,0.9989780187606812,1,1
/root/autodl-tmp/probe-dinov2-bfree-20261001/data/probe_eval_data/fake_flux/r1f5ad4e0t.png,probe_eval_data/fake_flux/r1f5ad4e0t.png,r1f5ad4e0t:flux,r1f5ad4e0t,1,flux,-0.4944325387477875,0.37884992361068726,0.37884992361068726,0,0
/root/autodl-tmp/probe-dinov2-bfree-20261001/data/probe_eval_data/fake_sd35/r1f5ad4e0t.png,probe_eval_data/fake_sd35/r1f5ad4e0t.png,r1f5ad4e0t:sd3_5,r1f5ad4e0t,1,sd3_5,24.101364135742188,1.0,1.0,1,1
/root/autodl-tmp/probe-dinov2-bfree-20261001/data/probe_eval_data/fake_flux/r0809811bt.png,probe_eval_data/fake_flux/r0809811bt.png,r0809811bt:flux,r0809811bt,1,flux,4.841153621673584,0.992163896560669,0.992163896560669,1,1
/root/autodl-tmp/probe-dinov2-bfree-20261001/data/probe_eval_data/fake_sd35/r0809811bt.png,probe_eval_data/fake_sd35/r0809811bt.png,r0809811bt:sd3_5,r0809811bt,1,sd3_5,11.426204681396484,0.9999891519546509,0.9999891519546509,1,1
/root/autodl-tmp/probe-dinov2-bfree-20261001/data/probe_eval_data/fake_flux/r04989a70t.png,probe_eval_data/fake_flux/r04989a70t.png,r04989a70t:flux,r04989a70t,1,flux,0.935231626033783,0.7181354761123657,0.7181354761123657,1,1
/root/autodl-tmp/probe-dinov2-bfree-20261001/data/probe_eval_data/fake_sd35/r04989a70t.png,probe_eval_data/fake_sd35/r04989a70t.png,r04989a70t:sd3_5,r04989a70t,1,sd3_5,5.6702470779418945,0.9965648055076599,0.9965648055076599,1,1
/root/autodl-tmp/probe-dinov2-bfree-20261001/data/probe_eval_data/fake_flux/r1ceba29dt.png,probe_eval_data/fake_flux/r1ceba29dt.png,r1ceba29dt:flux,r1ceba29dt,1,flux,4.59404182434082,0.9899892807006836,0.9899892807006836,1,1
/root/autodl-tmp/probe-dinov2-bfree-20261001/data/probe_eval_data/fake_sd35/r1ceba29dt.png,probe_eval_data/fake_sd35/r1ceba29dt.png,r1ceba29dt:sd3_5,r1ceba29dt,1,sd3_5,7.635731220245361,0.9995173215866089,0.9995173215866089,1,1
/root/autodl-tmp/probe-dinov2-bfree-20261001/data/probe_eval_data/fake_flux/r1e14f45ct.png,probe_eval_data/fake_flux/r1e14f45ct.png,r1e14f45ct:flux,r1e14f45ct,1,flux,0.37149277329444885,0.5918196439743042,0.5918196439743042,1,1
/root/autodl-tmp/probe-dinov2-bfree-20261001/data/probe_eval_data/fake_sd35/r1e14f45ct.png,probe_eval_data/fake_sd35/r1e14f45ct.png,r1e14f45ct:sd3_5,r1e14f45ct,1,sd3_5,5.387690544128418,0.9954482913017273,0.9954482913017273,1,1
/root/autodl-tmp/probe-dinov2-bfree-20261001/data/probe_eval_data/fake_flux/r1d00d8ect.png,probe_eval_data/fake_flux/r1d00d8ect.png,r1d00d8ect:flux,r1d00d8ect,1,flux,8.48757266998291,0.999794065952301,0.999794065952301,1,1
/root/autodl-tmp/probe-dinov2-bfree-20261001/data/probe_eval_data/fake_sd35/r1d00d8ect.png,probe_eval_data/fake_sd35/r1d00d8ect.png,r1d00d8ect:sd3_5,r1d00d8ect,1,sd3_5,8.894164085388184,0.999862790107727,0.999862790107727,1,1
/root/autodl-tmp/probe-dinov2-bfree-20261001/data/probe_eval_data/fake_flux/r14902ba4t.png,probe_eval_data/fake_flux/r14902ba4t.png,r14902ba4t:flux,r14902ba4t,1,flux,0.08759680390357971,0.5218852162361145,0.5218852162361145,1,1
/root/autodl-tmp/probe-dinov2-bfree-20261001/data/probe_eval_data/fake_sd35/r14902ba4t.png,probe_eval_data/fake_sd35/r14902ba4t.png,r14902ba4t:sd3_5,r14902ba4t,1,sd3_5,6.682490348815918,0.9987488985061646,0.9987488985061646,1,1
/root/autodl-tmp/probe-dinov2-bfree-20261001/data/probe_eval_data/fake_flux/r08f2d4c6t.png,probe_eval_data/fake_flux/r08f2d4c6t.png,r08f2d4c6t:flux,r08f2d4c6t,1,flux,5.027266502380371,0.9934859871864319,0.9934859871864319,1,1
/root/autodl-tmp/probe-dinov2-bfree-20261001/data/probe_eval_data/fake_sd35/r08f2d4c6t.png,probe_eval_data/fake_sd35/r08f2d4c6t.png,r08f2d4c6t:sd3_5,r08f2d4c6t,1,sd3_5,6.029168605804443,0.9975982308387756,0.9975982308387756,1,1
/root/autodl-tmp/probe-dinov2-bfree-20261001/data/probe_eval_data/fake_flux/r1c4d4720t.png,probe_eval_data/fake_flux/r1c4d4720t.png,r1c4d4720t:flux,r1c4d4720t,1,flux,10.34709644317627,0.9999679327011108,0.9999679327011108,1,1
/root/autodl-tmp/probe-dinov2-bfree-20261001/data/probe_eval_data/fake_sd35/r1c4d4720t.png,probe_eval_data/fake_sd35/r1c4d4720t.png,r1c4d4720t:sd3_5,r1c4d4720t,1,sd3_5,16.712886810302734,1.0,1.0,1,1
/root/autodl-tmp/probe-dinov2-bfree-20261001/data/probe_eval_data/fake_flux/r09dc6407t.png,probe_eval_data/fake_flux/r09dc6407t.png,r09dc6407t:flux,r09dc6407t,1,flux,4.04642391204834,0.982815682888031,0.982815682888031,1,1
/root/autodl-tmp/probe-dinov2-bfree-20261001/data/probe_eval_data/fake_sd35/r09dc6407t.png,probe_eval_data/fake_sd35/r09dc6407t.png,r09dc6407t:sd3_5,r09dc6407t,1,sd3_5,0.2694028913974762,0.5669463276863098,0.5669463276863098,1,1
/root/autodl-tmp/probe-dinov2-bfree-20261001/data/probe_eval_data/fake_flux/r0703243bt.png,probe_eval_data/fake_flux/r0703243bt.png,r0703243bt:flux,r0703243bt,1,flux,23.02985954284668,1.0,1.0,1,1
/root/autodl-tmp/probe-dinov2-bfree-20261001/data/probe_eval_data/fake_sd35/r0703243bt.png,probe_eval_data/fake_sd35/r0703243bt.png,r0703243bt:sd3_5,r0703243bt,1,sd3_5,5.709473133087158,0.9966965913772583,0.9966965913772583,1,1
/root/autodl-tmp/probe-dinov2-bfree-20261001/data/probe_eval_data/fake_flux/r10a207det.png,probe_eval_data/fake_flux/r10a207det.png,r10a207det:flux,r10a207det,1,flux,15.222502708435059,0.9999997615814209,0.9999997615814209,1,1
/root/autodl-tmp/probe-dinov2-bfree-20261001/data/probe_eval_data/fake_sd35/r10a207det.png,probe_eval_data/fake_sd35/r10a207det.png,r10a207det:sd3_5,r10a207det,1,sd3_5,11.400830268859863,0.9999887943267822,0.9999887943267822,1,1
/root/autodl-tmp/probe-dinov2-bfree-20261001/data/probe_eval_data/fake_flux/r1cd8d9a4t.png,probe_eval_data/fake_flux/r1cd8d9a4t.png,r1cd8d9a4t:flux,r1cd8d9a4t,1,flux,-2.930445671081543,0.05066888779401779,0.05066888779401779,0,0
/root/autodl-tmp/probe-dinov2-bfree-20261001/data/probe_eval_data/fake_sd35/r1cd8d9a4t.png,probe_eval_data/fake_sd35/r1cd8d9a4t.png,r1cd8d9a4t:sd3_5,r1cd8d9a4t,1,sd3_5,5.282723903656006,0.9949471354484558,0.9949471354484558,1,1
/root/autodl-tmp/probe-dinov2-bfree-20261001/data/probe_eval_data/fake_flux/r1a485a99t.png,probe_eval_data/fake_flux/r1a485a99t.png,r1a485a99t:flux,r1a485a99t,1,flux,-1.3559104204177856,0.20490577816963196,0.20490577816963196,0,0
/root/autodl-tmp/probe-dinov2-bfree-20261001/data/probe_eval_data/fake_sd35/r1a485a99t.png,probe_eval_data/fake_sd35/r1a485a99t.png,r1a485a99t:sd3_5,r1a485a99t,1,sd3_5,0.354886919260025,0.5878021717071533,0.5878021717071533,1,1
/root/autodl-tmp/probe-dinov2-bfree-20261001/data/probe_eval_data/fake_flux/r1a8ee526t.png,probe_eval_data/fake_flux/r1a8ee526t.png,r1a8ee526t:flux,r1a8ee526t,1,flux,-3.768333911895752,0.022569363936781883,0.022569363936781883,0,0
/root/autodl-tmp/probe-dinov2-bfree-20261001/data/probe_eval_data/fake_sd35/r1a8ee526t.png,probe_eval_data/fake_sd35/r1a8ee526t.png,r1a8ee526t:sd3_5,r1a8ee526t,1,sd3_5,3.607581615447998,0.9735985398292542,0.9735985398292542,1,1
/root/autodl-tmp/probe-dinov2-bfree-20261001/data/probe_eval_data/fake_flux/r1ea8ccbbt.png,probe_eval_data/fake_flux/r1ea8ccbbt.png,r1ea8ccbbt:flux,r1ea8ccbbt,1,flux,11.803744316101074,0.9999924898147583,0.9999924898147583,1,1
/root/autodl-tmp/probe-dinov2-bfree-20261001/data/probe_eval_data/fake_sd35/r1ea8ccbbt.png,probe_eval_data/fake_sd35/r1ea8ccbbt.png,r1ea8ccbbt:sd3_5,r1ea8ccbbt,1,sd3_5,2.6796250343322754,0.9358136057853699,0.9358136057853699,1,1
/root/autodl-tmp/probe-dinov2-bfree-20261001/data/probe_eval_data/fake_flux/r110f894ft.png,probe_eval_data/fake_flux/r110f894ft.png,r110f894ft:flux,r110f894ft,1,flux,2.2685904502868652,0.9062420725822449,0.9062420725822449,1,1
/root/autodl-tmp/probe-dinov2-bfree-20261001/data/probe_eval_data/fake_sd35/r110f894ft.png,probe_eval_data/fake_sd35/r110f894ft.png,r110f894ft:sd3_5,r110f894ft,1,sd3_5,5.3447065353393555,0.9952492713928223,0.9952492713928223,1,1
/root/autodl-tmp/probe-dinov2-bfree-20261001/data/probe_eval_data/fake_flux/r16422663t.png,probe_eval_data/fake_flux/r16422663t.png,r16422663t:flux,r16422663t,1,flux,-5.542147636413574,0.003902811324223876,0.003902811324223876,0,0
/root/autodl-tmp/probe-dinov2-bfree-20261001/data/probe_eval_data/fake_sd35/r16422663t.png,probe_eval_data/fake_sd35/r16422663t.png,r16422663t:sd3_5,r16422663t,1,sd3_5,10.533720970153809,0.9999734163284302,0.9999734163284302,1,1
/root/autodl-tmp/probe-dinov2-bfree-20261001/data/probe_eval_data/fake_flux/r1aa4db16t.png,probe_eval_data/fake_flux/r1aa4db16t.png,r1aa4db16t:flux,r1aa4db16t,1,flux,4.134307384490967,0.9842386841773987,0.9842386841773987,1,1
/root/autodl-tmp/probe-dinov2-bfree-20261001/data/probe_eval_data/fake_sd35/r1aa4db16t.png,probe_eval_data/fake_sd35/r1aa4db16t.png,r1aa4db16t:sd3_5,r1aa4db16t,1,sd3_5,14.44866943359375,0.9999995231628418,0.9999995231628418,1,1
/root/autodl-tmp/probe-dinov2-bfree-20261001/data/probe_eval_data/fake_flux/r193b12aet.png,probe_eval_data/fake_flux/r193b12aet.png,r193b12aet:flux,r193b12aet,1,flux,-2.155913829803467,0.10377988964319229,0.10377988964319229,0,0
/root/autodl-tmp/probe-dinov2-bfree-20261001/data/probe_eval_data/fake_sd35/r193b12aet.png,probe_eval_data/fake_sd35/r193b12aet.png,r193b12aet:sd3_5,r193b12aet,1,sd3_5,8.317075729370117,0.9997557997703552,0.9997557997703552,1,1
/root/autodl-tmp/probe-dinov2-bfree-20261001/data/probe_eval_data/fake_flux/r1f4f8a51t.png,probe_eval_data/fake_flux/r1f4f8a51t.png,r1f4f8a51t:flux,r1f4f8a51t,1,flux,-1.3714669942855835,0.20238295197486877,0.20238295197486877,0,0
/root/autodl-tmp/probe-dinov2-bfree-20261001/data/probe_eval_data/fake_sd35/r1f4f8a51t.png,probe_eval_data/fake_sd35/r1f4f8a51t.png,r1f4f8a51t:sd3_5,r1f4f8a51t,1,sd3_5,0.6992558836936951,0.6680228114128113,0.6680228114128113,1,1
/root/autodl-tmp/probe-dinov2-bfree-20261001/data/probe_eval_data/fake_flux/r0ba4c4c0t.png,probe_eval_data/fake_flux/r0ba4c4c0t.png,r0ba4c4c0t:flux,r0ba4c4c0t,1,flux,0.20005837082862854,0.5498484373092651,0.5498484373092651,1,1
/root/autodl-tmp/probe-dinov2-bfree-20261001/data/probe_eval_data/fake_sd35/r0ba4c4c0t.png,probe_eval_data/fake_sd35/r0ba4c4c0t.png,r0ba4c4c0t:sd3_5,r0ba4c4c0t,1,sd3_5,8.618470191955566,0.9998193383216858,0.9998193383216858,1,1
/root/autodl-tmp/probe-dinov2-bfree-20261001/data/probe_eval_data/fake_flux/r0141f0c9t.png,probe_eval_data/fake_flux/r0141f0c9t.png,r0141f0c9t:flux,r0141f0c9t,1,flux,-2.0398523807525635,0.11508176475763321,0.11508176475763321,0,0
/root/autodl-tmp/probe-dinov2-bfree-20261001/data/probe_eval_data/fake_sd35/r0141f0c9t.png,probe_eval_data/fake_sd35/r0141f0c9t.png,r0141f0c9t:sd3_5,r0141f0c9t,1,sd3_5,1.3410313129425049,0.7926595211029053,0.7926595211029053,1,1
/root/autodl-tmp/probe-dinov2-bfree-20261001/data/probe_eval_data/fake_flux/r0225b88bt.png,probe_eval_data/fake_flux/r0225b88bt.png,r0225b88bt:flux,r0225b88bt,1,flux,0.7186214327812195,0.6723034381866455,0.6723034381866455,1,1
/root/autodl-tmp/probe-dinov2-bfree-20261001/data/probe_eval_data/fake_sd35/r0225b88bt.png,probe_eval_data/fake_sd35/r0225b88bt.png,r0225b88bt:sd3_5,r0225b88bt,1,sd3_5,8.915494918823242,0.9998656511306763,0.9998656511306763,1,1
/root/autodl-tmp/probe-dinov2-bfree-20261001/data/probe_eval_data/fake_flux/r02354285t.png,probe_eval_data/fake_flux/r02354285t.png,r02354285t:flux,r02354285t,1,flux,5.185229778289795,0.9944325089454651,0.9944325089454651,1,1
/root/autodl-tmp/probe-dinov2-bfree-20261001/data/probe_eval_data/fake_sd35/r02354285t.png,probe_eval_data/fake_sd35/r02354285t.png,r02354285t:sd3_5,r02354285t,1,sd3_5,9.098353385925293,0.9998881816864014,0.9998881816864014,1,1
/root/autodl-tmp/probe-dinov2-bfree-20261001/data/probe_eval_data/fake_flux/r06bfc92at.png,probe_eval_data/fake_flux/r06bfc92at.png,r06bfc92at:flux,r06bfc92at,1,flux,-3.8695034980773926,0.02044212818145752,0.02044212818145752,0,0
/root/autodl-tmp/probe-dinov2-bfree-20261001/data/probe_eval_data/fake_sd35/r06bfc92at.png,probe_eval_data/fake_sd35/r06bfc92at.png,r06bfc92at:sd3_5,r06bfc92at,1,sd3_5,4.904757976531982,0.9926432967185974,0.9926432967185974,1,1
/root/autodl-tmp/probe-dinov2-bfree-20261001/data/probe_eval_data/fake_flux/r07598392t.png,probe_eval_data/fake_flux/r07598392t.png,r07598392t:flux,r07598392t,1,flux,4.162041664123535,0.9846631288528442,0.9846631288528442,1,1
/root/autodl-tmp/probe-dinov2-bfree-20261001/data/probe_eval_data/fake_sd35/r07598392t.png,probe_eval_data/fake_sd35/r07598392t.png,r07598392t:sd3_5,r07598392t,1,sd3_5,17.53453826904297,1.0,1.0,1,1
/root/autodl-tmp/probe-dinov2-bfree-20261001/data/probe_eval_data/fake_flux/r042d7b17t.png,probe_eval_data/fake_flux/r042d7b17t.png,r042d7b17t:flux,r042d7b17t,1,flux,-2.221510887145996,0.09783536195755005,0.09783536195755005,0,0
/root/autodl-tmp/probe-dinov2-bfree-20261001/data/probe_eval_data/fake_sd35/r042d7b17t.png,probe_eval_data/fake_sd35/r042d7b17t.png,r042d7b17t:sd3_5,r042d7b17t,1,sd3_5,9.785322189331055,0.999943733215332,0.999943733215332,1,1
/root/autodl-tmp/probe-dinov2-bfree-20261001/data/probe_eval_data/fake_flux/r13b45303t.png,probe_eval_data/fake_flux/r13b45303t.png,r13b45303t:flux,r13b45303t,1,flux,6.317037582397461,0.9981979727745056,0.9981979727745056,1,1
/root/autodl-tmp/probe-dinov2-bfree-20261001/data/probe_eval_data/fake_sd35/r13b45303t.png,probe_eval_data/fake_sd35/r13b45303t.png,r13b45303t:sd3_5,r13b45303t,1,sd3_5,3.233290195465088,0.9620680212974548,0.9620680212974548,1,1
/root/autodl-tmp/probe-dinov2-bfree-20261001/data/probe_eval_data/fake_flux/r12d4cabat.png,probe_eval_data/fake_flux/r12d4cabat.png,r12d4cabat:flux,r12d4cabat,1,flux,-3.4730725288391113,0.030088184401392937,0.030088184401392937,0,0
/root/autodl-tmp/probe-dinov2-bfree-20261001/data/probe_eval_data/fake_sd35/r12d4cabat.png,probe_eval_data/fake_sd35/r12d4cabat.png,r12d4cabat:sd3_5,r12d4cabat,1,sd3_5,11.427164077758789,0.9999891519546509,0.9999891519546509,1,1
/root/autodl-tmp/probe-dinov2-bfree-20261001/data/probe_eval_data/fake_flux/r1d527f65t.png,probe_eval_data/fake_flux/r1d527f65t.png,r1d527f65t:flux,r1d527f65t,1,flux,-0.17263802886009216,0.45694732666015625,0.45694732666015625,0,0
/root/autodl-tmp/probe-dinov2-bfree-20261001/data/probe_eval_data/fake_sd35/r1d527f65t.png,probe_eval_data/fake_sd35/r1d527f65t.png,r1d527f65t:sd3_5,r1d527f65t,1,sd3_5,6.846489906311035,0.9989379048347473,0.9989379048347473,1,1
/root/autodl-tmp/probe-dinov2-bfree-20261001/data/probe_eval_data/fake_flux/r042d5308t.png,probe_eval_data/fake_flux/r042d5308t.png,r042d5308t:flux,r042d5308t,1,flux,-0.40521082282066345,0.4000610411167145,0.4000610411167145,0,0
/root/autodl-tmp/probe-dinov2-bfree-20261001/data/probe_eval_data/fake_sd35/r042d5308t.png,probe_eval_data/fake_sd35/r042d5308t.png,r042d5308t:sd3_5,r042d5308t,1,sd3_5,7.085099220275879,0.9991632699966431,0.9991632699966431,1,1
/root/autodl-tmp/probe-dinov2-bfree-20261001/data/probe_eval_data/fake_flux/r116ce066t.png,probe_eval_data/fake_flux/r116ce066t.png,r116ce066t:flux,r116ce066t,1,flux,5.083261966705322,0.9938386082649231,0.9938386082649231,1,1
/root/autodl-tmp/probe-dinov2-bfree-20261001/data/probe_eval_data/fake_sd35/r116ce066t.png,probe_eval_data/fake_sd35/r116ce066t.png,r116ce066t:sd3_5,r116ce066t,1,sd3_5,8.26199722290039,0.9997419714927673,0.9997419714927673,1,1
/root/autodl-tmp/probe-dinov2-bfree-20261001/data/probe_eval_data/fake_flux/r150058a4t.png,probe_eval_data/fake_flux/r150058a4t.png,r150058a4t:flux,r150058a4t,1,flux,9.292425155639648,0.9999078512191772,0.9999078512191772,1,1
/root/autodl-tmp/probe-dinov2-bfree-20261001/data/probe_eval_data/fake_sd35/r150058a4t.png,probe_eval_data/fake_sd35/r150058a4t.png,r150058a4t:sd3_5,r150058a4t,1,sd3_5,10.625605583190918,0.9999756813049316,0.9999756813049316,1,1
/root/autodl-tmp/probe-dinov2-bfree-20261001/data/probe_eval_data/fake_flux/r0ed019a4t.png,probe_eval_data/fake_flux/r0ed019a4t.png,r0ed019a4t:flux,r0ed019a4t,1,flux,4.878851413726807,0.9924516081809998,0.9924516081809998,1,1
/root/autodl-tmp/probe-dinov2-bfree-20261001/data/probe_eval_data/fake_sd35/r0ed019a4t.png,probe_eval_data/fake_sd35/r0ed019a4t.png,r0ed019a4t:sd3_5,r0ed019a4t,1,sd3_5,-0.11313733458518982,0.4717457890510559,0.4717457890510559,0,0
/root/autodl-tmp/probe-dinov2-bfree-20261001/data/probe_eval_data/fake_flux/r1aa53167t.png,probe_eval_data/fake_flux/r1aa53167t.png,r1aa53167t:flux,r1aa53167t,1,flux,15.772770881652832,0.9999998807907104,0.9999998807907104,1,1
/root/autodl-tmp/probe-dinov2-bfree-20261001/data/probe_eval_data/fake_sd35/r1aa53167t.png,probe_eval_data/fake_sd35/r1aa53167t.png,r1aa53167t:sd3_5,r1aa53167t,1,sd3_5,7.094191551208496,0.9991707801818848,0.9991707801818848,1,1
/root/autodl-tmp/probe-dinov2-bfree-20261001/data/probe_eval_data/fake_flux/r0a54ed98t.png,probe_eval_data/fake_flux/r0a54ed98t.png,r0a54ed98t:flux,r0a54ed98t,1,flux,0.3616558611392975,0.5894412398338318,0.5894412398338318,1,1
/root/autodl-tmp/probe-dinov2-bfree-20261001/data/probe_eval_data/fake_sd35/r0a54ed98t.png,probe_eval_data/fake_sd35/r0a54ed98t.png,r0a54ed98t:sd3_5,r0a54ed98t,1,sd3_5,-1.059959888458252,0.25731712579727173,0.25731712579727173,0,0
/root/autodl-tmp/probe-dinov2-bfree-20261001/data/probe_eval_data/fake_flux/r06b7849at.png,probe_eval_data/fake_flux/r06b7849at.png,r06b7849at:flux,r06b7849at,1,flux,6.815667152404785,0.9989047050476074,0.9989047050476074,1,1
/root/autodl-tmp/probe-dinov2-bfree-20261001/data/probe_eval_data/fake_sd35/r06b7849at.png,probe_eval_data/fake_sd35/r06b7849at.png,r06b7849at:sd3_5,r06b7849at,1,sd3_5,11.530261039733887,0.9999902248382568,0.9999902248382568,1,1
/root/autodl-tmp/probe-dinov2-bfree-20261001/data/probe_eval_data/fake_flux/r066ef803t.png,probe_eval_data/fake_flux/r066ef803t.png,r066ef803t:flux,r066ef803t,1,flux,6.572822093963623,0.9986041188240051,0.9986041188240051,1,1
/root/autodl-tmp/probe-dinov2-bfree-20261001/data/probe_eval_data/fake_sd35/r066ef803t.png,probe_eval_data/fake_sd35/r066ef803t.png,r066ef803t:sd3_5,r066ef803t,1,sd3_5,22.18599510192871,1.0,1.0,1,1
/root/autodl-tmp/probe-dinov2-bfree-20261001/data/probe_eval_data/fake_flux/r1717ae55t.png,probe_eval_data/fake_flux/r1717ae55t.png,r1717ae55t:flux,r1717ae55t,1,flux,2.7706151008605957,0.941067099571228,0.941067099571228,1,1
/root/autodl-tmp/probe-dinov2-bfree-20261001/data/probe_eval_data/fake_sd35/r1717ae55t.png,probe_eval_data/fake_sd35/r1717ae55t.png,r1717ae55t:sd3_5,r1717ae55t,1,sd3_5,3.4707438945770264,0.969843864440918,0.969843864440918,1,1
/root/autodl-tmp/probe-dinov2-bfree-20261001/data/probe_eval_data/fake_flux/r021429abt.png,probe_eval_data/fake_flux/r021429abt.png,r021429abt:flux,r021429abt,1,flux,5.646078586578369,0.9964810609817505,0.9964810609817505,1,1
/root/autodl-tmp/probe-dinov2-bfree-20261001/data/probe_eval_data/fake_sd35/r021429abt.png,probe_eval_data/fake_sd35/r021429abt.png,r021429abt:sd3_5,r021429abt,1,sd3_5,15.224127769470215,0.9999997615814209,0.9999997615814209,1,1
/root/autodl-tmp/probe-dinov2-bfree-20261001/data/probe_eval_data/fake_flux/r1e698e5dt.png,probe_eval_data/fake_flux/r1e698e5dt.png,r1e698e5dt:flux,r1e698e5dt,1,flux,-0.6754408478736877,0.33727961778640747,0.33727961778640747,0,0
/root/autodl-tmp/probe-dinov2-bfree-20261001/data/probe_eval_data/fake_sd35/r1e698e5dt.png,probe_eval_data/fake_sd35/r1e698e5dt.png,r1e698e5dt:sd3_5,r1e698e5dt,1,sd3_5,6.437307357788086,0.9984018206596375,0.9984018206596375,1,1
/root/autodl-tmp/probe-dinov2-bfree-20261001/data/probe_eval_data/fake_flux/r1554cfadt.png,probe_eval_data/fake_flux/r1554cfadt.png,r1554cfadt:flux,r1554cfadt,1,flux,-1.1519323587417603,0.2401362955570221,0.2401362955570221,0,0
/root/autodl-tmp/probe-dinov2-bfree-20261001/data/probe_eval_data/fake_sd35/r1554cfadt.png,probe_eval_data/fake_sd35/r1554cfadt.png,r1554cfadt:sd3_5,r1554cfadt,1,sd3_5,15.565485954284668,0.9999998807907104,0.9999998807907104,1,1
/root/autodl-tmp/probe-dinov2-bfree-20261001/data/probe_eval_data/fake_flux/r00c4a543t.png,probe_eval_data/fake_flux/r00c4a543t.png,r00c4a543t:flux,r00c4a543t,1,flux,2.4420833587646484,0.919980525970459,0.919980525970459,1,1
/root/autodl-tmp/probe-dinov2-bfree-20261001/data/probe_eval_data/fake_sd35/r00c4a543t.png,probe_eval_data/fake_sd35/r00c4a543t.png,r00c4a543t:sd3_5,r00c4a543t,1,sd3_5,3.583885908126831,0.97298264503479,0.97298264503479,1,1
/root/autodl-tmp/probe-dinov2-bfree-20261001/data/probe_eval_data/fake_flux/r1a020c3ft.png,probe_eval_data/fake_flux/r1a020c3ft.png,r1a020c3ft:flux,r1a020c3ft,1,flux,4.9034576416015625,0.9926337599754333,0.9926337599754333,1,1
/root/autodl-tmp/probe-dinov2-bfree-20261001/data/probe_eval_data/fake_sd35/r1a020c3ft.png,probe_eval_data/fake_sd35/r1a020c3ft.png,r1a020c3ft:sd3_5,r1a020c3ft,1,sd3_5,7.7282891273498535,0.9995599389076233,0.9995599389076233,1,1
/root/autodl-tmp/probe-dinov2-bfree-20261001/data/probe_eval_data/fake_flux/r0ebb0bb4t.png,probe_eval_data/fake_flux/r0ebb0bb4t.png,r0ebb0bb4t:flux,r0ebb0bb4t,1,flux,0.9430882334709167,0.7197230458259583,0.7197230458259583,1,1
/root/autodl-tmp/probe-dinov2-bfree-20261001/data/probe_eval_data/fake_sd35/r0ebb0bb4t.png,probe_eval_data/fake_sd35/r0ebb0bb4t.png,r0ebb0bb4t:sd3_5,r0ebb0bb4t,1,sd3_5,6.664894104003906,0.9987266659736633,0.9987266659736633,1,1
/root/autodl-tmp/probe-dinov2-bfree-20261001/data/probe_eval_data/fake_flux/r1234de87t.png,probe_eval_data/fake_flux/r1234de87t.png,r1234de87t:flux,r1234de87t,1,flux,-2.0554306507110596,0.1135047897696495,0.1135047897696495,0,0
/root/autodl-tmp/probe-dinov2-bfree-20261001/data/probe_eval_data/fake_sd35/r1234de87t.png,probe_eval_data/fake_sd35/r1234de87t.png,r1234de87t:sd3_5,r1234de87t,1,sd3_5,9.65684986114502,0.9999359846115112,0.9999359846115112,1,1
/root/autodl-tmp/probe-dinov2-bfree-20261001/data/probe_eval_data/fake_flux/r0e5b5159t.png,probe_eval_data/fake_flux/r0e5b5159t.png,r0e5b5159t:flux,r0e5b5159t,1,flux,7.189187526702881,0.9992458820343018,0.9992458820343018,1,1
/root/autodl-tmp/probe-dinov2-bfree-20261001/data/probe_eval_data/fake_sd35/r0e5b5159t.png,probe_eval_data/fake_sd35/r0e5b5159t.png,r0e5b5159t:sd3_5,r0e5b5159t,1,sd3_5,7.057906627655029,0.9991401433944702,0.9991401433944702,1,1
/root/autodl-tmp/probe-dinov2-bfree-20261001/data/probe_eval_data/fake_flux/r1915909et.png,probe_eval_data/fake_flux/r1915909et.png,r1915909et:flux,r1915909et,1,flux,2.9543089866638184,0.9504668116569519,0.9504668116569519,1,1
/root/autodl-tmp/probe-dinov2-bfree-20261001/data/probe_eval_data/fake_sd35/r1915909et.png,probe_eval_data/fake_sd35/r1915909et.png,r1915909et:sd3_5,r1915909et,1,sd3_5,16.062150955200195,0.9999998807907104,0.9999998807907104,1,1
/root/autodl-tmp/probe-dinov2-bfree-20261001/data/probe_eval_data/fake_flux/r1ead3024t.png,probe_eval_data/fake_flux/r1ead3024t.png,r1ead3024t:flux,r1ead3024t,1,flux,3.5683205127716064,0.9725704789161682,0.9725704789161682,1,1
/root/autodl-tmp/probe-dinov2-bfree-20261001/data/probe_eval_data/fake_sd35/r1ead3024t.png,probe_eval_data/fake_sd35/r1ead3024t.png,r1ead3024t:sd3_5,r1ead3024t,1,sd3_5,1.7605136632919312,0.8532739877700806,0.8532739877700806,1,1
/root/autodl-tmp/probe-dinov2-bfree-20261001/data/probe_eval_data/fake_flux/r085bdbe2t.png,probe_eval_data/fake_flux/r085bdbe2t.png,r085bdbe2t:flux,r085bdbe2t,1,flux,1.708804726600647,0.8466811776161194,0.8466811776161194,1,1
/root/autodl-tmp/probe-dinov2-bfree-20261001/data/probe_eval_data/fake_sd35/r085bdbe2t.png,probe_eval_data/fake_sd35/r085bdbe2t.png,r085bdbe2t:sd3_5,r085bdbe2t,1,sd3_5,0.2593461573123932,0.5644755363464355,0.5644755363464355,1,1
/root/autodl-tmp/probe-dinov2-bfree-20261001/data/probe_eval_data/fake_flux/r0a42c0f6t.png,probe_eval_data/fake_flux/r0a42c0f6t.png,r0a42c0f6t:flux,r0a42c0f6t,1,flux,6.866420745849609,0.9989588260650635,0.9989588260650635,1,1
/root/autodl-tmp/probe-dinov2-bfree-20261001/data/probe_eval_data/fake_sd35/r0a42c0f6t.png,probe_eval_data/fake_sd35/r0a42c0f6t.png,r0a42c0f6t:sd3_5,r0a42c0f6t,1,sd3_5,7.281914710998535,0.9993126392364502,0.9993126392364502,1,1
/root/autodl-tmp/probe-dinov2-bfree-20261001/data/probe_eval_data/fake_flux/r1c028de8t.png,probe_eval_data/fake_flux/r1c028de8t.png,r1c028de8t:flux,r1c028de8t,1,flux,3.9817728996276855,0.9816889762878418,0.9816889762878418,1,1
/root/autodl-tmp/probe-dinov2-bfree-20261001/data/probe_eval_data/fake_sd35/r1c028de8t.png,probe_eval_data/fake_sd35/r1c028de8t.png,r1c028de8t:sd3_5,r1c028de8t,1,sd3_5,3.1395881175994873,0.9584965109825134,0.9584965109825134,1,1
/root/autodl-tmp/probe-dinov2-bfree-20261001/data/probe_eval_data/fake_flux/r1297fd0bt.png,probe_eval_data/fake_flux/r1297fd0bt.png,r1297fd0bt:flux,r1297fd0bt,1,flux,11.42006778717041,0.9999890327453613,0.9999890327453613,1,1
/root/autodl-tmp/probe-dinov2-bfree-20261001/data/probe_eval_data/fake_sd35/r1297fd0bt.png,probe_eval_data/fake_sd35/r1297fd0bt.png,r1297fd0bt:sd3_5,r1297fd0bt,1,sd3_5,-0.14231690764427185,0.4644806683063507,0.4644806683063507,0,0
/root/autodl-tmp/probe-dinov2-bfree-20261001/data/probe_eval_data/fake_flux/r113402d4t.png,probe_eval_data/fake_flux/r113402d4t.png,r113402d4t:flux,r113402d4t,1,flux,2.566194534301758,0.9286539554595947,0.9286539554595947,1,1
/root/autodl-tmp/probe-dinov2-bfree-20261001/data/probe_eval_data/fake_sd35/r113402d4t.png,probe_eval_data/fake_sd35/r113402d4t.png,r113402d4t:sd3_5,r113402d4t,1,sd3_5,13.792258262634277,0.999998927116394,0.999998927116394,1,1
/root/autodl-tmp/probe-dinov2-bfree-20261001/data/probe_eval_data/fake_flux/r0ff7a848t.png,probe_eval_data/fake_flux/r0ff7a848t.png,r0ff7a848t:flux,r0ff7a848t,1,flux,6.874942779541016,0.9989677667617798,0.9989677667617798,1,1
/root/autodl-tmp/probe-dinov2-bfree-20261001/data/probe_eval_data/fake_sd35/r0ff7a848t.png,probe_eval_data/fake_sd35/r0ff7a848t.png,r0ff7a848t:sd3_5,r0ff7a848t,1,sd3_5,6.365421772003174,0.9982829093933105,0.9982829093933105,1,1
/root/autodl-tmp/probe-dinov2-bfree-20261001/data/probe_eval_data/fake_flux/r1c874ac4t.png,probe_eval_data/fake_flux/r1c874ac4t.png,r1c874ac4t:flux,r1c874ac4t,1,flux,1.8466144800186157,0.8637291193008423,0.8637291193008423,1,1
/root/autodl-tmp/probe-dinov2-bfree-20261001/data/probe_eval_data/fake_sd35/r1c874ac4t.png,probe_eval_data/fake_sd35/r1c874ac4t.png,r1c874ac4t:sd3_5,r1c874ac4t,1,sd3_5,1.7191277742385864,0.8480165004730225,0.8480165004730225,1,1
/root/autodl-tmp/probe-dinov2-bfree-20261001/data/probe_eval_data/fake_flux/r126a22b8t.png,probe_eval_data/fake_flux/r126a22b8t.png,r126a22b8t:flux,r126a22b8t,1,flux,1.6448322534561157,0.8381914496421814,0.8381914496421814,1,1
/root/autodl-tmp/probe-dinov2-bfree-20261001/data/probe_eval_data/fake_sd35/r126a22b8t.png,probe_eval_data/fake_sd35/r126a22b8t.png,r126a22b8t:sd3_5,r126a22b8t,1,sd3_5,14.47097396850586,0.9999995231628418,0.9999995231628418,1,1
/root/autodl-tmp/probe-dinov2-bfree-20261001/data/probe_eval_data/fake_flux/r0eab8214t.png,probe_eval_data/fake_flux/r0eab8214t.png,r0eab8214t:flux,r0eab8214t,1,flux,0.11224785447120667,0.5280325412750244,0.5280325412750244,1,1
/root/autodl-tmp/probe-dinov2-bfree-20261001/data/probe_eval_data/fake_sd35/r0eab8214t.png,probe_eval_data/fake_sd35/r0eab8214t.png,r0eab8214t:sd3_5,r0eab8214t,1,sd3_5,13.584383010864258,0.9999986886978149,0.9999986886978149,1,1
/root/autodl-tmp/probe-dinov2-bfree-20261001/data/probe_eval_data/fake_flux/r162b2209t.png,probe_eval_data/fake_flux/r162b2209t.png,r162b2209t:flux,r162b2209t,1,flux,6.518746376037598,0.9985265731811523,0.9985265731811523,1,1
/root/autodl-tmp/probe-dinov2-bfree-20261001/data/probe_eval_data/fake_sd35/r162b2209t.png,probe_eval_data/fake_sd35/r162b2209t.png,r162b2209t:sd3_5,r162b2209t,1,sd3_5,8.742341041564941,0.9998403787612915,0.9998403787612915,1,1
/root/autodl-tmp/probe-dinov2-bfree-20261001/data/probe_eval_data/fake_flux/r02b7536at.png,probe_eval_data/fake_flux/r02b7536at.png,r02b7536at:flux,r02b7536at,1,flux,4.0058183670043945,0.9821163415908813,0.9821163415908813,1,1
/root/autodl-tmp/probe-dinov2-bfree-20261001/data/probe_eval_data/fake_sd35/r02b7536at.png,probe_eval_data/fake_sd35/r02b7536at.png,r02b7536at:sd3_5,r02b7536at,1,sd3_5,14.721543312072754,0.9999996423721313,0.9999996423721313,1,1
/root/autodl-tmp/probe-dinov2-bfree-20261001/data/probe_eval_data/fake_flux/r1bd70210t.png,probe_eval_data/fake_flux/r1bd70210t.png,r1bd70210t:flux,r1bd70210t,1,flux,5.102636337280273,0.9939560294151306,0.9939560294151306,1,1
/root/autodl-tmp/probe-dinov2-bfree-20261001/data/probe_eval_data/fake_sd35/r1bd70210t.png,probe_eval_data/fake_sd35/r1bd70210t.png,r1bd70210t:sd3_5,r1bd70210t,1,sd3_5,12.4391508102417,0.9999960660934448,0.9999960660934448,1,1
/root/autodl-tmp/probe-dinov2-bfree-20261001/data/probe_eval_data/fake_flux/r17b2f789t.png,probe_eval_data/fake_flux/r17b2f789t.png,r17b2f789t:flux,r17b2f789t,1,flux,10.391839981079102,0.9999693632125854,0.9999693632125854,1,1
/root/autodl-tmp/probe-dinov2-bfree-20261001/data/probe_eval_data/fake_sd35/r17b2f789t.png,probe_eval_data/fake_sd35/r17b2f789t.png,r17b2f789t:sd3_5,r17b2f789t,1,sd3_5,2.4037585258483887,0.9171134829521179,0.9171134829521179,1,1
/root/autodl-tmp/probe-dinov2-bfree-20261001/data/probe_eval_data/fake_flux/r00b8d4a2t.png,probe_eval_data/fake_flux/r00b8d4a2t.png,r00b8d4a2t:flux,r00b8d4a2t,1,flux,-2.270733594894409,0.09357596933841705,0.09357596933841705,0,0
/root/autodl-tmp/probe-dinov2-bfree-20261001/data/probe_eval_data/fake_sd35/r00b8d4a2t.png,probe_eval_data/fake_sd35/r00b8d4a2t.png,r00b8d4a2t:sd3_5,r00b8d4a2t,1,sd3_5,5.137876033782959,0.9941641688346863,0.9941641688346863,1,1
/root/autodl-tmp/probe-dinov2-bfree-20261001/data/probe_eval_data/fake_flux/r088dcebft.png,probe_eval_data/fake_flux/r088dcebft.png,r088dcebft:flux,r088dcebft,1,flux,-0.49586161971092224,0.3785136640071869,0.3785136640071869,0,0
/root/autodl-tmp/probe-dinov2-bfree-20261001/data/probe_eval_data/fake_sd35/r088dcebft.png,probe_eval_data/fake_sd35/r088dcebft.png,r088dcebft:sd3_5,r088dcebft,1,sd3_5,9.54117202758789,0.9999281167984009,0.9999281167984009,1,1
