path,relative_path,sample_id,source_group,ground_truth,generator,similarity_score,perturbation_mean,perturbation_std,raw_decision_score,prediction,correct
/root/autodl-tmp/toolbox_screening/rigid/calibration/images/fake_sd35/r1b177fe1t.png,fake_sd35/r1b177fe1t.png,r1b177fe1t:sd3_5,r1b177fe1t,1,sd3_5,0.9973887205123901,0.9973887205123901,,-0.9973887205123901,,
/root/autodl-tmp/toolbox_screening/rigid/calibration/images/real/r17228bbdt.png,real/r17228bbdt.png,r17228bbdt:raise,r17228bbdt,0,raise,0.9843182563781738,0.9843182563781738,,-0.9843182563781738,,
/root/autodl-tmp/toolbox_screening/rigid/calibration/images/real/r046852c1t.png,real/r046852c1t.png,r046852c1t:raise,r046852c1t,0,raise,0.9704587459564209,0.9704587459564209,,-0.9704587459564209,,
/root/autodl-tmp/toolbox_screening/rigid/calibration/images/fake_flux/r1c9fdcf4t.png,fake_flux/r1c9fdcf4t.png,r1c9fdcf4t:flux,r1c9fdcf4t,1,flux,0.9869551062583923,0.9869551062583923,,-0.9869551062583923,,
/root/autodl-tmp/toolbox_screening/rigid/calibration/images/real/r1c2ac865t.png,real/r1c2ac865t.png,r1c2ac865t:raise,r1c2ac865t,0,raise,0.9926773309707642,0.9926773309707642,,-0.9926773309707642,,
/root/autodl-tmp/toolbox_screening/rigid/calibration/images/fake_flux/r0c3a8ea0t.png,fake_flux/r0c3a8ea0t.png,r0c3a8ea0t:flux,r0c3a8ea0t,1,flux,0.9930221438407898,0.9930221438407898,,-0.9930221438407898,,
/root/autodl-tmp/toolbox_screening/rigid/calibration/images/real/r1104e9e6t.png,real/r1104e9e6t.png,r1104e9e6t:raise,r1104e9e6t,0,raise,0.9873650074005127,0.9873650074005127,,-0.9873650074005127,,
/root/autodl-tmp/toolbox_screening/rigid/calibration/images/fake_flux/r1570dd6at.png,fake_flux/r1570dd6at.png,r1570dd6at:flux,r1570dd6at,1,flux,0.9811052083969116,0.9811052083969116,,-0.9811052083969116,,
/root/autodl-tmp/toolbox_screening/rigid/calibration/images/fake_sd35/r0e35d1fct.png,fake_sd35/r0e35d1fct.png,r0e35d1fct:sd3_5,r0e35d1fct,1,sd3_5,0.9971987009048462,0.9971987009048462,,-0.9971987009048462,,
/root/autodl-tmp/toolbox_screening/rigid/calibration/images/fake_sd35/r098a8a22t.png,fake_sd35/r098a8a22t.png,r098a8a22t:sd3_5,r098a8a22t,1,sd3_5,0.9972600936889648,0.9972600936889648,,-0.9972600936889648,,
/root/autodl-tmp/toolbox_screening/rigid/calibration/images/real/r1db351a2t.png,real/r1db351a2t.png,r1db351a2t:raise,r1db351a2t,0,raise,0.9899588823318481,0.9899588823318481,,-0.9899588823318481,,
/root/autodl-tmp/toolbox_screening/rigid/calibration/images/real/r098a8a22t.png,real/r098a8a22t.png,r098a8a22t:raise,r098a8a22t,0,raise,0.9954356551170349,0.9954356551170349,,-0.9954356551170349,,
/root/autodl-tmp/toolbox_screening/rigid/calibration/images/fake_sd35/r1570dd6at.png,fake_sd35/r1570dd6at.png,r1570dd6at:sd3_5,r1570dd6at,1,sd3_5,0.9960490465164185,0.9960490465164185,,-0.9960490465164185,,
/root/autodl-tmp/toolbox_screening/rigid/calibration/images/fake_flux/r1565a7e7t.png,fake_flux/r1565a7e7t.png,r1565a7e7t:flux,r1565a7e7t,1,flux,0.9954204559326172,0.9954204559326172,,-0.9954204559326172,,
/root/autodl-tmp/toolbox_screening/rigid/calibration/images/fake_flux/r00816405t.png,fake_flux/r00816405t.png,r00816405t:flux,r00816405t,1,flux,0.9895823001861572,0.9895823001861572,,-0.9895823001861572,,
/root/autodl-tmp/toolbox_screening/rigid/calibration/images/fake_flux/r1904147dt.png,fake_flux/r1904147dt.png,r1904147dt:flux,r1904147dt,1,flux,0.9853448867797852,0.9853448867797852,,-0.9853448867797852,,
/root/autodl-tmp/toolbox_screening/rigid/calibration/images/real/r133c5a52t.png,real/r133c5a52t.png,r133c5a52t:raise,r133c5a52t,0,raise,0.9893525838851929,0.9893525838851929,,-0.9893525838851929,,
/root/autodl-tmp/toolbox_screening/rigid/calibration/images/real/r1c31a90bt.png,real/r1c31a90bt.png,r1c31a90bt:raise,r1c31a90bt,0,raise,0.9957095384597778,0.9957095384597778,,-0.9957095384597778,,
/root/autodl-tmp/toolbox_screening/rigid/calibration/images/fake_flux/r0ab7202ft.png,fake_flux/r0ab7202ft.png,r0ab7202ft:flux,r0ab7202ft,1,flux,0.9849037528038025,0.9849037528038025,,-0.9849037528038025,,
/root/autodl-tmp/toolbox_screening/rigid/calibration/images/fake_sd35/r11b292cbt.png,fake_sd35/r11b292cbt.png,r11b292cbt:sd3_5,r11b292cbt,1,sd3_5,0.9865827560424805,0.9865827560424805,,-0.9865827560424805,,
/root/autodl-tmp/toolbox_screening/rigid/calibration/images/real/r1570dd6at.png,real/r1570dd6at.png,r1570dd6at:raise,r1570dd6at,0,raise,0.9839968681335449,0.9839968681335449,,-0.9839968681335449,,
/root/autodl-tmp/toolbox_screening/rigid/calibration/images/fake_sd35/r1db351a2t.png,fake_sd35/r1db351a2t.png,r1db351a2t:sd3_5,r1db351a2t,1,sd3_5,0.9923264384269714,0.9923264384269714,,-0.9923264384269714,,
/root/autodl-tmp/toolbox_screening/rigid/calibration/images/real/r1d2bb70at.png,real/r1d2bb70at.png,r1d2bb70at:raise,r1d2bb70at,0,raise,0.9716478586196899,0.9716478586196899,,-0.9716478586196899,,
/root/autodl-tmp/toolbox_screening/rigid/calibration/images/fake_flux/r17228bbdt.png,fake_flux/r17228bbdt.png,r17228bbdt:flux,r17228bbdt,1,flux,0.9967837333679199,0.9967837333679199,,-0.9967837333679199,,
/root/autodl-tmp/toolbox_screening/rigid/calibration/images/fake_flux/r1c2ac865t.png,fake_flux/r1c2ac865t.png,r1c2ac865t:flux,r1c2ac865t,1,flux,0.9515960216522217,0.9515960216522217,,-0.9515960216522217,,
/root/autodl-tmp/toolbox_screening/rigid/calibration/images/fake_flux/r1ca254b2t.png,fake_flux/r1ca254b2t.png,r1ca254b2t:flux,r1ca254b2t,1,flux,0.9954684376716614,0.9954684376716614,,-0.9954684376716614,,
/root/autodl-tmp/toolbox_screening/rigid/calibration/images/real/r1ca254b2t.png,real/r1ca254b2t.png,r1ca254b2t:raise,r1ca254b2t,0,raise,0.9894366264343262,0.9894366264343262,,-0.9894366264343262,,
/root/autodl-tmp/toolbox_screening/rigid/calibration/images/fake_flux/r1b177fe1t.png,fake_flux/r1b177fe1t.png,r1b177fe1t:flux,r1b177fe1t,1,flux,0.9918397068977356,0.9918397068977356,,-0.9918397068977356,,
/root/autodl-tmp/toolbox_screening/rigid/calibration/images/fake_sd35/r0965e155t.png,fake_sd35/r0965e155t.png,r0965e155t:sd3_5,r0965e155t,1,sd3_5,0.9973071813583374,0.9973071813583374,,-0.9973071813583374,,
/root/autodl-tmp/toolbox_screening/rigid/calibration/images/fake_sd35/r1904147dt.png,fake_sd35/r1904147dt.png,r1904147dt:sd3_5,r1904147dt,1,sd3_5,0.9931103587150574,0.9931103587150574,,-0.9931103587150574,,
/root/autodl-tmp/toolbox_screening/rigid/calibration/images/fake_flux/r1c31a90bt.png,fake_flux/r1c31a90bt.png,r1c31a90bt:flux,r1c31a90bt,1,flux,0.9871342182159424,0.9871342182159424,,-0.9871342182159424,,
/root/autodl-tmp/toolbox_screening/rigid/calibration/images/fake_sd35/r171d73aat.png,fake_sd35/r171d73aat.png,r171d73aat:sd3_5,r171d73aat,1,sd3_5,0.9969136714935303,0.9969136714935303,,-0.9969136714935303,,
/root/autodl-tmp/toolbox_screening/rigid/calibration/images/fake_flux/r19d92967t.png,fake_flux/r19d92967t.png,r19d92967t:flux,r19d92967t,1,flux,0.9960544109344482,0.9960544109344482,,-0.9960544109344482,,
/root/autodl-tmp/toolbox_screening/rigid/calibration/images/real/r0515a051t.png,real/r0515a051t.png,r0515a051t:raise,r0515a051t,0,raise,0.9849292635917664,0.9849292635917664,,-0.9849292635917664,,
/root/autodl-tmp/toolbox_screening/rigid/calibration/images/fake_flux/r0bbbb097t.png,fake_flux/r0bbbb097t.png,r0bbbb097t:flux,r0bbbb097t,1,flux,0.9906784296035767,0.9906784296035767,,-0.9906784296035767,,
/root/autodl-tmp/toolbox_screening/rigid/calibration/images/fake_flux/r0e35d1fct.png,fake_flux/r0e35d1fct.png,r0e35d1fct:flux,r0e35d1fct,1,flux,0.9914848208427429,0.9914848208427429,,-0.9914848208427429,,
/root/autodl-tmp/toolbox_screening/rigid/calibration/images/real/r1b177fe1t.png,real/r1b177fe1t.png,r1b177fe1t:raise,r1b177fe1t,0,raise,0.9899994134902954,0.9899994134902954,,-0.9899994134902954,,
/root/autodl-tmp/toolbox_screening/rigid/calibration/images/real/r171d73aat.png,real/r171d73aat.png,r171d73aat:raise,r171d73aat,0,raise,0.9746999144554138,0.9746999144554138,,-0.9746999144554138,,
/root/autodl-tmp/toolbox_screening/rigid/calibration/images/fake_sd35/r1661f358t.png,fake_sd35/r1661f358t.png,r1661f358t:sd3_5,r1661f358t,1,sd3_5,0.9956311583518982,0.9956311583518982,,-0.9956311583518982,,
/root/autodl-tmp/toolbox_screening/rigid/calibration/images/real/r19d92967t.png,real/r19d92967t.png,r19d92967t:raise,r19d92967t,0,raise,0.9877880811691284,0.9877880811691284,,-0.9877880811691284,,
/root/autodl-tmp/toolbox_screening/rigid/calibration/images/fake_flux/r133c5a52t.png,fake_flux/r133c5a52t.png,r133c5a52t:flux,r133c5a52t,1,flux,0.9829695224761963,0.9829695224761963,,-0.9829695224761963,,
/root/autodl-tmp/toolbox_screening/rigid/calibration/images/fake_flux/r11b292cbt.png,fake_flux/r11b292cbt.png,r11b292cbt:flux,r11b292cbt,1,flux,0.9821841716766357,0.9821841716766357,,-0.9821841716766357,,
/root/autodl-tmp/toolbox_screening/rigid/calibration/images/fake_flux/r1d3bc675t.png,fake_flux/r1d3bc675t.png,r1d3bc675t:flux,r1d3bc675t,1,flux,0.9941749572753906,0.9941749572753906,,-0.9941749572753906,,
/root/autodl-tmp/toolbox_screening/rigid/calibration/images/fake_flux/r17c76042t.png,fake_flux/r17c76042t.png,r17c76042t:flux,r17c76042t,1,flux,0.9851776957511902,0.9851776957511902,,-0.9851776957511902,,
/root/autodl-tmp/toolbox_screening/rigid/calibration/images/real/r17c76042t.png,real/r17c76042t.png,r17c76042t:raise,r17c76042t,0,raise,0.9494811296463013,0.9494811296463013,,-0.9494811296463013,,
/root/autodl-tmp/toolbox_screening/rigid/calibration/images/fake_flux/r1db351a2t.png,fake_flux/r1db351a2t.png,r1db351a2t:flux,r1db351a2t,1,flux,0.9177123308181763,0.9177123308181763,,-0.9177123308181763,,
/root/autodl-tmp/toolbox_screening/rigid/calibration/images/real/r1904147dt.png,real/r1904147dt.png,r1904147dt:raise,r1904147dt,0,raise,0.9847614765167236,0.9847614765167236,,-0.9847614765167236,,
/root/autodl-tmp/toolbox_screening/rigid/calibration/images/fake_flux/r0515a051t.png,fake_flux/r0515a051t.png,r0515a051t:flux,r0515a051t,1,flux,0.969247579574585,0.969247579574585,,-0.969247579574585,,
/root/autodl-tmp/toolbox_screening/rigid/calibration/images/fake_sd35/r1104e9e6t.png,fake_sd35/r1104e9e6t.png,r1104e9e6t:sd3_5,r1104e9e6t,1,sd3_5,0.9934369921684265,0.9934369921684265,,-0.9934369921684265,,
/root/autodl-tmp/toolbox_screening/rigid/calibration/images/fake_sd35/r0bbbb097t.png,fake_sd35/r0bbbb097t.png,r0bbbb097t:sd3_5,r0bbbb097t,1,sd3_5,0.992619514465332,0.992619514465332,,-0.992619514465332,,
/root/autodl-tmp/toolbox_screening/rigid/calibration/images/fake_sd35/r0ab7202ft.png,fake_sd35/r0ab7202ft.png,r0ab7202ft:sd3_5,r0ab7202ft,1,sd3_5,0.9963411688804626,0.9963411688804626,,-0.9963411688804626,,
/root/autodl-tmp/toolbox_screening/rigid/calibration/images/fake_flux/r046852c1t.png,fake_flux/r046852c1t.png,r046852c1t:flux,r046852c1t,1,flux,0.9830806255340576,0.9830806255340576,,-0.9830806255340576,,
/root/autodl-tmp/toolbox_screening/rigid/calibration/images/real/r1661f358t.png,real/r1661f358t.png,r1661f358t:raise,r1661f358t,0,raise,0.9882543087005615,0.9882543087005615,,-0.9882543087005615,,
/root/autodl-tmp/toolbox_screening/rigid/calibration/images/fake_sd35/r00816405t.png,fake_sd35/r00816405t.png,r00816405t:sd3_5,r00816405t,1,sd3_5,0.9957084059715271,0.9957084059715271,,-0.9957084059715271,,
/root/autodl-tmp/toolbox_screening/rigid/calibration/images/fake_sd35/r19d92967t.png,fake_sd35/r19d92967t.png,r19d92967t:sd3_5,r19d92967t,1,sd3_5,0.9894778728485107,0.9894778728485107,,-0.9894778728485107,,
/root/autodl-tmp/toolbox_screening/rigid/calibration/images/fake_sd35/r17c76042t.png,fake_sd35/r17c76042t.png,r17c76042t:sd3_5,r17c76042t,1,sd3_5,0.9948239326477051,0.9948239326477051,,-0.9948239326477051,,
/root/autodl-tmp/toolbox_screening/rigid/calibration/images/fake_sd35/r02e1abe2t.png,fake_sd35/r02e1abe2t.png,r02e1abe2t:sd3_5,r02e1abe2t,1,sd3_5,0.990502655506134,0.990502655506134,,-0.990502655506134,,
/root/autodl-tmp/toolbox_screening/rigid/calibration/images/real/r0e35d1fct.png,real/r0e35d1fct.png,r0e35d1fct:raise,r0e35d1fct,0,raise,0.9893777370452881,0.9893777370452881,,-0.9893777370452881,,
/root/autodl-tmp/toolbox_screening/rigid/calibration/images/real/r0ab7202ft.png,real/r0ab7202ft.png,r0ab7202ft:raise,r0ab7202ft,0,raise,0.9727498292922974,0.9727498292922974,,-0.9727498292922974,,
/root/autodl-tmp/toolbox_screening/rigid/calibration/images/real/r0bbbb097t.png,real/r0bbbb097t.png,r0bbbb097t:raise,r0bbbb097t,0,raise,0.9892607927322388,0.9892607927322388,,-0.9892607927322388,,
/root/autodl-tmp/toolbox_screening/rigid/calibration/images/real/r1c9fdcf4t.png,real/r1c9fdcf4t.png,r1c9fdcf4t:raise,r1c9fdcf4t,0,raise,0.9939640164375305,0.9939640164375305,,-0.9939640164375305,,
/root/autodl-tmp/toolbox_screening/rigid/calibration/images/fake_flux/r0965e155t.png,fake_flux/r0965e155t.png,r0965e155t:flux,r0965e155t,1,flux,0.9913491010665894,0.9913491010665894,,-0.9913491010665894,,
/root/autodl-tmp/toolbox_screening/rigid/calibration/images/fake_sd35/r17228bbdt.png,fake_sd35/r17228bbdt.png,r17228bbdt:sd3_5,r17228bbdt,1,sd3_5,0.9971952438354492,0.9971952438354492,,-0.9971952438354492,,
/root/autodl-tmp/toolbox_screening/rigid/calibration/images/real/r11b292cbt.png,real/r11b292cbt.png,r11b292cbt:raise,r11b292cbt,0,raise,0.9787238836288452,0.9787238836288452,,-0.9787238836288452,,
/root/autodl-tmp/toolbox_screening/rigid/calibration/images/fake_flux/r171d73aat.png,fake_flux/r171d73aat.png,r171d73aat:flux,r171d73aat,1,flux,0.9793803691864014,0.9793803691864014,,-0.9793803691864014,,
/root/autodl-tmp/toolbox_screening/rigid/calibration/images/real/r1565a7e7t.png,real/r1565a7e7t.png,r1565a7e7t:raise,r1565a7e7t,0,raise,0.9962981939315796,0.9962981939315796,,-0.9962981939315796,,
/root/autodl-tmp/toolbox_screening/rigid/calibration/images/fake_sd35/r0c3a8ea0t.png,fake_sd35/r0c3a8ea0t.png,r0c3a8ea0t:sd3_5,r0c3a8ea0t,1,sd3_5,0.989470362663269,0.989470362663269,,-0.989470362663269,,
/root/autodl-tmp/toolbox_screening/rigid/calibration/images/fake_sd35/r1d2bb70at.png,fake_sd35/r1d2bb70at.png,r1d2bb70at:sd3_5,r1d2bb70at,1,sd3_5,0.9921985268592834,0.9921985268592834,,-0.9921985268592834,,
/root/autodl-tmp/toolbox_screening/rigid/calibration/images/fake_flux/r1d9a31fct.png,fake_flux/r1d9a31fct.png,r1d9a31fct:flux,r1d9a31fct,1,flux,0.9862971305847168,0.9862971305847168,,-0.9862971305847168,,
/root/autodl-tmp/toolbox_screening/rigid/calibration/images/real/r02e1abe2t.png,real/r02e1abe2t.png,r02e1abe2t:raise,r02e1abe2t,0,raise,0.9916681051254272,0.9916681051254272,,-0.9916681051254272,,
/root/autodl-tmp/toolbox_screening/rigid/calibration/images/fake_sd35/r1565a7e7t.png,fake_sd35/r1565a7e7t.png,r1565a7e7t:sd3_5,r1565a7e7t,1,sd3_5,0.9899536967277527,0.9899536967277527,,-0.9899536967277527,,
/root/autodl-tmp/toolbox_screening/rigid/calibration/images/fake_flux/r098a8a22t.png,fake_flux/r098a8a22t.png,r098a8a22t:flux,r098a8a22t,1,flux,0.9947036504745483,0.9947036504745483,,-0.9947036504745483,,
/root/autodl-tmp/toolbox_screening/rigid/calibration/images/real/r1d9a31fct.png,real/r1d9a31fct.png,r1d9a31fct:raise,r1d9a31fct,0,raise,0.9867571592330933,0.9867571592330933,,-0.9867571592330933,,
/root/autodl-tmp/toolbox_screening/rigid/calibration/images/real/r00816405t.png,real/r00816405t.png,r00816405t:raise,r00816405t,0,raise,0.9944832921028137,0.9944832921028137,,-0.9944832921028137,,
/root/autodl-tmp/toolbox_screening/rigid/calibration/images/real/r1d3bc675t.png,real/r1d3bc675t.png,r1d3bc675t:raise,r1d3bc675t,0,raise,0.9846463203430176,0.9846463203430176,,-0.9846463203430176,,
/root/autodl-tmp/toolbox_screening/rigid/calibration/images/fake_sd35/r1c2ac865t.png,fake_sd35/r1c2ac865t.png,r1c2ac865t:sd3_5,r1c2ac865t,1,sd3_5,0.9871814250946045,0.9871814250946045,,-0.9871814250946045,,
/root/autodl-tmp/toolbox_screening/rigid/calibration/images/fake_sd35/r0515a051t.png,fake_sd35/r0515a051t.png,r0515a051t:sd3_5,r0515a051t,1,sd3_5,0.9883714318275452,0.9883714318275452,,-0.9883714318275452,,
/root/autodl-tmp/toolbox_screening/rigid/calibration/images/fake_sd35/r133c5a52t.png,fake_sd35/r133c5a52t.png,r133c5a52t:sd3_5,r133c5a52t,1,sd3_5,0.9870607852935791,0.9870607852935791,,-0.9870607852935791,,
/root/autodl-tmp/toolbox_screening/rigid/calibration/images/fake_flux/r1d2bb70at.png,fake_flux/r1d2bb70at.png,r1d2bb70at:flux,r1d2bb70at,1,flux,0.9853140115737915,0.9853140115737915,,-0.9853140115737915,,
/root/autodl-tmp/toolbox_screening/rigid/calibration/images/fake_flux/r1104e9e6t.png,fake_flux/r1104e9e6t.png,r1104e9e6t:flux,r1104e9e6t,1,flux,0.9924337267875671,0.9924337267875671,,-0.9924337267875671,,
/root/autodl-tmp/toolbox_screening/rigid/calibration/images/fake_sd35/r046852c1t.png,fake_sd35/r046852c1t.png,r046852c1t:sd3_5,r046852c1t,1,sd3_5,0.9910202026367188,0.9910202026367188,,-0.9910202026367188,,
/root/autodl-tmp/toolbox_screening/rigid/calibration/images/real/r0c3a8ea0t.png,real/r0c3a8ea0t.png,r0c3a8ea0t:raise,r0c3a8ea0t,0,raise,0.996325671672821,0.996325671672821,,-0.996325671672821,,
/root/autodl-tmp/toolbox_screening/rigid/calibration/images/fake_flux/r02e1abe2t.png,fake_flux/r02e1abe2t.png,r02e1abe2t:flux,r02e1abe2t,1,flux,0.9750726222991943,0.9750726222991943,,-0.9750726222991943,,
/root/autodl-tmp/toolbox_screening/rigid/calibration/images/fake_sd35/r1ca254b2t.png,fake_sd35/r1ca254b2t.png,r1ca254b2t:sd3_5,r1ca254b2t,1,sd3_5,0.9953233599662781,0.9953233599662781,,-0.9953233599662781,,
/root/autodl-tmp/toolbox_screening/rigid/calibration/images/fake_sd35/r1c31a90bt.png,fake_sd35/r1c31a90bt.png,r1c31a90bt:sd3_5,r1c31a90bt,1,sd3_5,0.9964041709899902,0.9964041709899902,,-0.9964041709899902,,
/root/autodl-tmp/toolbox_screening/rigid/calibration/images/fake_sd35/r1d3bc675t.png,fake_sd35/r1d3bc675t.png,r1d3bc675t:sd3_5,r1d3bc675t,1,sd3_5,0.9895117282867432,0.9895117282867432,,-0.9895117282867432,,
/root/autodl-tmp/toolbox_screening/rigid/calibration/images/fake_sd35/r1d9a31fct.png,fake_sd35/r1d9a31fct.png,r1d9a31fct:sd3_5,r1d9a31fct,1,sd3_5,0.9942699670791626,0.9942699670791626,,-0.9942699670791626,,
/root/autodl-tmp/toolbox_screening/rigid/calibration/images/fake_flux/r1661f358t.png,fake_flux/r1661f358t.png,r1661f358t:flux,r1661f358t,1,flux,0.992180585861206,0.992180585861206,,-0.992180585861206,,
/root/autodl-tmp/toolbox_screening/rigid/calibration/images/fake_sd35/r1c9fdcf4t.png,fake_sd35/r1c9fdcf4t.png,r1c9fdcf4t:sd3_5,r1c9fdcf4t,1,sd3_5,0.9927917718887329,0.9927917718887329,,-0.9927917718887329,,
/root/autodl-tmp/toolbox_screening/rigid/calibration/images/real/r0965e155t.png,real/r0965e155t.png,r0965e155t:raise,r0965e155t,0,raise,0.9941517114639282,0.9941517114639282,,-0.9941517114639282,,
