sample_id,source_group,generator,label,probe_score,probe_pred,fsd_score,fsd_pred,fsd_default_score,fsd_default_pred,aide_score,aide_pred,aide_default_score,aide_default_pred,safe_score,safe_pred,safe_default_pred,majority_pred
r0c03e364t:raise,r0c03e364t,raise,real,0.00012681065709330142,0,0.4943323146280125,0,4.446083824574701,1,0.48558891271834426,0,0.7513166069984436,1,0.9348638653755188,0,1,0
r0c03e364t:flux,r0c03e364t,flux,fake,0.9999138116836548,1,0.4938546331917672,0,4.183049062578605,1,0.46478600238188844,0,0.6847962141036987,1,0.9403165578842163,0,1,0
r0c03e364t:sd3_5,r0c03e364t,sd3_5,fake,0.9999352693557739,1,0.49835045204586775,0,6.658488247592294,1,0.3051820128383393,0,0.12805649638175964,0,0.9617486000061035,1,1,1
r12f3bbfat:raise,r12f3bbfat,raise,real,0.00033214924042113125,0,0.4967605322682128,0,5.783101233448505,1,0.555082217439554,1,0.900958240032196,1,0.2289637178182602,0,0,0
r12f3bbfat:flux,r12f3bbfat,flux,fake,0.9992064833641052,1,0.49322391940229404,0,3.8357376594104795,1,0.5018079799683449,1,0.7961050868034363,1,0.8803037405014038,0,1,1
r12f3bbfat:sd3_5,r12f3bbfat,sd3_5,fake,0.9999607801437378,1,0.5040376942935435,1,9.789776351811936,1,0.5667206665770184,1,0.9164220094680786,1,0.6465898156166077,0,1,1
r1c070921t:raise,r1c070921t,raise,real,0.00040855866973288357,0,0.49843143337192675,0,6.703074762164329,1,0.5500041482680937,1,0.8934749960899353,1,0.671093761920929,0,1,0
r1c070921t:flux,r1c070921t,flux,fake,0.9968518614768982,1,0.4997973833532475,0,7.455131437273413,1,0.5282818833886885,1,0.8558382391929626,1,0.9697318077087402,1,1,1
r1c070921t:sd3_5,r1c070921t,sd3_5,fake,0.9998608827590942,1,0.49970322117038046,0,7.403288360433653,1,0.5272335017363121,1,0.8537747859954834,1,0.5243661999702454,0,1,1
r08b05c94t:raise,r08b05c94t,raise,real,0.004649064503610134,0,0.4937197881594423,0,4.108795695188564,1,0.3750016382775346,0,0.335054486989975,0,0.9570662379264832,1,1,0
r08b05c94t:flux,r08b05c94t,flux,fake,0.9895734190940857,1,0.5359213508119064,1,27.37810913962179,1,0.5151840285792915,1,0.8283061385154724,1,0.9769432544708252,1,1,1
r08b05c94t:sd3_5,r08b05c94t,sd3_5,fake,0.9949451088905334,1,0.49860060579105736,0,6.796217185003402,1,0.5652621953590883,1,0.9146068692207336,1,0.9504796266555786,0,1,1
r0ed844b5t:raise,r0ed844b5t,raise,real,4.529408033704385e-05,0,0.5855067193502683,1,55.11145703534807,1,0.569147270651145,1,0.9193673133850098,1,0.7038370370864868,0,1,0
r0ed844b5t:flux,r0ed844b5t,flux,fake,0.9996060729026794,1,0.4951329286614395,0,4.886928534354867,1,0.5030526996582767,1,0.7992808222770691,1,0.9424934387207031,0,1,1
r0ed844b5t:sd3_5,r0ed844b5t,sd3_5,fake,0.9999716281890869,1,0.4982955869855387,0,6.628280740355436,1,0.5800709342433561,1,0.9315292239189148,1,0.931700587272644,0,1,1
r0773471dt:raise,r0773471dt,raise,real,0.0001558400981593877,0,0.49018903095595034,0,2.164347993070261,1,0.5191413821081519,1,0.8370319604873657,1,0.7836323976516724,0,1,0
r0773471dt:flux,r0773471dt,flux,fake,0.9636496901512146,1,0.5065023171995698,1,11.146882290027989,1,0.5177524137430793,1,0.8340101838111877,1,0.9369382858276367,0,1,1
r0773471dt:sd3_5,r0773471dt,sd3_5,fake,0.9999171495437622,1,0.49906652140623303,0,7.052738703642581,1,0.5629820090889837,1,0.9117005467414856,1,0.45073044300079346,0,0,1
r1c402787t:raise,r1c402787t,raise,real,0.002927500056102872,0,0.4925882150789887,0,3.485666127409623,1,0.5423294786870855,1,0.8812540769577026,1,0.8766432404518127,0,1,0
r1c402787t:flux,r1c402787t,flux,fake,0.9983886480331421,1,0.49803174000316647,0,6.483012009986984,1,0.5805448856351578,1,0.9320181608200073,1,0.9001216292381287,0,1,1
r1c402787t:sd3_5,r1c402787t,sd3_5,fake,0.9998998641967773,1,0.49733216105727607,0,6.097835071063953,1,0.5559930365163174,1,0.902251660823822,1,0.8136931657791138,0,1,1
r1743fb6bt:raise,r1743fb6bt,raise,real,0.004827272146940231,0,0.4900342642927537,0,2.0791044568495622,1,0.4758670800237954,0,0.7214600443840027,1,0.5522190928459167,0,1,0
r1743fb6bt:flux,r1743fb6bt,flux,fake,0.9968070983886719,1,0.49830657860211724,0,6.634332486829175,1,0.5457021046677404,1,0.8867630958557129,1,0.4843328893184662,0,0,1
r1743fb6bt:sd3_5,r1743fb6bt,sd3_5,fake,0.9999388456344604,1,0.49603696884899307,0,5.384706719420524,1,0.5649498556998894,1,0.9142138957977295,1,0.4383275508880615,0,0,1
r1a2d8b02t:raise,r1a2d8b02t,raise,real,0.004722172860056162,0,0.4905062020923151,0,2.3390386566236416,1,0.5603909191378,1,0.9082940816879272,1,0.6195864081382751,0,1,0
r1a2d8b02t:flux,r1a2d8b02t,flux,fake,0.9905272722244263,1,0.49634411339585194,0,5.553821736832182,1,0.5579886145723104,1,0.9050346612930298,1,0.9611515998840332,1,1,1
r1a2d8b02t:sd3_5,r1a2d8b02t,sd3_5,fake,0.9998200535774231,1,0.4987378828975926,0,6.871798655485431,1,0.5534384791900088,1,0.8985869288444519,1,0.9289371371269226,0,1,1
r07d5eb94t:raise,r07d5eb94t,raise,real,0.00018790006288327277,0,0.49644479787855866,0,5.609258679320971,1,0.5664054969629649,1,0.916032612323761,1,0.3886641561985016,0,0,0
r07d5eb94t:flux,r07d5eb94t,flux,fake,0.9994626641273499,1,0.4956048080134845,0,5.146754414684207,1,0.4374358964580005,0,0.5840011835098267,1,0.9589316248893738,1,1,1
r07d5eb94t:sd3_5,r07d5eb94t,sd3_5,fake,0.9999172687530518,1,0.4988112996655584,0,6.912220117002628,1,0.5464126154432322,1,0.8878957033157349,1,0.9466928839683533,0,1,1
r0f91c753t:raise,r0f91c753t,raise,real,0.0008983988664112985,0,0.6904435797457991,1,117.98306522223352,1,0.2514970650379516,0,0.048470865935087204,0,0.9131003022193909,0,1,0
r0f91c753t:flux,r0f91c753t,flux,fake,0.9899583458900452,1,0.4998683537695986,0,7.494205767593735,1,0.545897487735737,1,0.8870754837989807,1,0.921047031879425,0,1,1
r0f91c753t:sd3_5,r0f91c753t,sd3_5,fake,0.9998481273651123,1,0.5104446929650216,1,13.31807893256899,1,0.5290837133825886,1,0.8574002981185913,1,0.9457734823226929,0,1,1
r0eba1984t:raise,r0eba1984t,raise,real,0.0002473066560924053,0,0.4979113350740376,0,6.416719332855234,1,0.5730496802111247,1,0.9239137172698975,1,0.9306899309158325,0,1,0
r0eba1984t:flux,r0eba1984t,flux,fake,0.9998691082000732,1,0.49901587758278815,0,7.024855528628142,1,0.5487311645331214,1,0.891525149345398,1,0.9139454364776611,0,1,1
r0eba1984t:sd3_5,r0eba1984t,sd3_5,fake,0.9998970031738281,1,0.5022555092386397,1,8.808515214796481,1,0.537714662755182,1,0.8733523488044739,1,0.9582980871200562,1,1,1
r09c8e042t:raise,r09c8e042t,raise,real,0.0002493787033017725,0,0.4905583168928166,0,2.3677418995439288,1,0.44726591064308036,0,0.6216901540756226,1,0.8106365203857422,0,1,0
r09c8e042t:flux,r09c8e042t,flux,fake,0.9997089505195618,1,0.4975182291218446,0,6.200281660185394,1,0.5436503201240088,1,0.8834379315376282,1,0.9350588917732239,0,1,1
r09c8e042t:sd3_5,r09c8e042t,sd3_5,fake,0.999473512172699,1,0.49862811856111344,0,6.811365062882381,1,0.5683555696982991,1,0.9184165000915527,1,0.9482762217521667,0,1,1
r1ced1907t:raise,r1ced1907t,raise,real,0.00034597591729834676,0,0.5437660202915576,1,31.724858343470917,1,0.5732971146297874,1,0.9241942167282104,1,0.08824979513883591,0,0,0
r1ced1907t:flux,r1ced1907t,flux,fake,0.9919590950012207,1,0.5192697379387119,1,18.181322509191656,1,0.5298257703780226,1,0.8588335514068604,1,0.951606810092926,0,1,1
r1ced1907t:sd3_5,r1ced1907t,sd3_5,fake,0.8875055909156799,1,0.5134161658632419,1,14.955025594238545,1,0.5485225327059973,1,0.8912026286125183,1,0.9660412669181824,1,1,1
r15a0b476t:raise,r15a0b476t,raise,real,0.0005048063467256725,0,0.4943293938173769,0,4.444475501185625,1,0.4277625763442884,0,0.5457352995872498,1,0.7537800669670105,0,1,0
r15a0b476t:flux,r15a0b476t,flux,fake,0.9987127780914307,1,0.499467593121614,0,7.273558056736643,1,0.536464877392216,1,0.8711383938789368,1,0.9653801321983337,1,1,1
r15a0b476t:sd3_5,r15a0b476t,sd3_5,fake,0.9998471736907959,1,0.5103372272284995,1,13.258885739257847,1,0.5673892378514914,1,0.9172426462173462,1,0.9599221348762512,1,1,1
r0670f47ft:raise,r0670f47ft,raise,real,0.0009475892293266952,0,0.4986890051356453,0,6.844887748886768,1,0.5420757575314369,1,0.8808306455612183,1,0.1483478844165802,0,0,0
r0670f47ft:flux,r0670f47ft,flux,fake,0.3425769507884979,0,0.4967540687378199,0,5.779542444743384,1,0.449354743351361,0,0.629508376121521,1,0.7395595908164978,0,1,0
r0670f47ft:sd3_5,r0670f47ft,sd3_5,fake,0.9995443224906921,1,0.5014470058903825,1,8.363369689303706,1,0.5719500445529495,1,0.9226559400558472,1,0.9503014087677002,0,1,1
r1cc0e4e1t:raise,r1cc0e4e1t,raise,real,0.0012617181055247784,0,0.4915929294840931,0,2.9375523823052667,1,0.5584885393015296,1,0.905721127986908,1,0.7412881255149841,0,1,0
r1cc0e4e1t:flux,r1cc0e4e1t,flux,fake,0.9728347063064575,1,0.5036646319249772,1,9.584366452226883,1,0.5508277933036304,1,0.8947206139564514,1,0.8548021912574768,0,1,1
r1cc0e4e1t:sd3_5,r1cc0e4e1t,sd3_5,fake,0.9996737241744995,1,0.4989747002745433,0,7.002184363064638,1,0.5553869054373697,1,0.9013925790786743,1,0.8349127769470215,0,1,1
r1c243af7t:raise,r1c243af7t,raise,real,0.0002754626329988241,0,0.48983674326698307,0,1.97031082356732,0,0.31172383696366857,0,0.14221210777759552,0,0.6549502611160278,0,1,0
r1c243af7t:flux,r1c243af7t,flux,fake,0.9709703326225281,1,0.4969826447476501,0,5.905394940710932,1,0.5082070697962516,1,0.8120376467704773,1,0.9474811553955078,0,1,1
r1c243af7t:sd3_5,r1c243af7t,sd3_5,fake,0.9999376535415649,1,0.5027809452814453,1,9.097812966129556,1,0.5763566327397147,1,0.9275886416435242,1,0.8741375207901001,0,1,1
r0f5475b5t:raise,r0f5475b5t,raise,real,0.0030979954171925783,0,0.49010932074611707,0,2.120444740022561,1,0.4905379603125487,0,0.7656545042991638,1,0.9474624395370483,0,1,0
r0f5475b5t:flux,r0f5475b5t,flux,fake,0.9685688018798828,1,0.4923599951231495,0,3.3599861282491923,1,0.5486873826204922,1,0.8914574980735779,1,0.940555214881897,0,1,1
r0f5475b5t:sd3_5,r0f5475b5t,sd3_5,fake,0.9999632835388184,1,0.49323674667263245,0,3.842801290483557,1,0.4706713410013805,0,0.7046076655387878,1,0.9604479670524597,1,1,1
r01a5f38at:raise,r01a5f38at,raise,real,0.00521771190688014,0,0.49918023282542995,0,7.115345222759113,1,0.37074365069014625,0,0.31921494007110596,0,0.9837408661842346,1,1,0
r01a5f38at:flux,r01a5f38at,flux,fake,0.032174330204725266,0,0.5262705295553358,1,22.043836687670098,1,0.30768837375398106,0,0.13335171341896057,0,0.9694513082504272,1,1,0
r01a5f38at:sd3_5,r01a5f38at,sd3_5,fake,0.9999129772186279,1,0.49526869872356605,0,4.961686620306294,1,0.5942782541053668,1,0.9449084401130676,1,0.8008937239646912,0,1,1
r06cad2d6t:raise,r06cad2d6t,raise,real,8.610790246166289e-05,0,0.49378360111179426,0,4.143934809182505,1,0.2640477063971555,0,0.06193126365542412,0,0.8912038803100586,0,1,0
r06cad2d6t:flux,r06cad2d6t,flux,fake,0.9966614246368408,1,0.49703112739113614,0,5.9320890845456,1,0.5091014274812135,1,0.8141868710517883,1,0.7998044490814209,0,1,1
r06cad2d6t:sd3_5,r06cad2d6t,sd3_5,fake,0.9999245405197144,1,0.4969286372199752,0,5.875658804379314,1,0.5732791926745193,1,0.9241739511489868,1,0.8747098445892334,0,1,1
r13b5b161t:raise,r13b5b161t,raise,real,6.566094816662371e-05,0,0.49083038259596756,0,2.5175855714563546,1,0.3000650026120623,0,0.11773188412189484,0,0.019090835005044937,0,0,0
r13b5b161t:flux,r13b5b161t,flux,fake,0.9994785189628601,1,0.4975468205059027,0,6.216023659802055,1,0.49890267499072233,0,0.7885478734970093,1,0.9352765083312988,0,1,0
r13b5b161t:sd3_5,r13b5b161t,sd3_5,fake,0.9999593496322632,1,0.49842429081759143,0,6.699142232676975,1,0.5683386841894952,1,0.9183961153030396,1,0.9475405812263489,0,1,1
r02a0839et:raise,r02a0839et,raise,real,0.0014874152839183807,0,0.51954960996287,1,18.335644775166795,1,0.600749652926189,1,0.9501901268959045,1,0.8760355710983276,0,1,0
r02a0839et:flux,r02a0839et,flux,fake,0.9959936141967773,1,0.49854497850535334,0,6.765590108062575,1,0.543921676790966,1,0.8838823437690735,1,0.953023374080658,0,1,1
r02a0839et:sd3_5,r02a0839et,sd3_5,fake,0.9999308586120605,1,0.49547017765656476,0,5.07262480105847,1,0.4985361496266191,0,0.787580132484436,1,0.6672320365905762,0,1,0
r12cebbd2t:raise,r12cebbd2t,raise,real,0.00012526343925856054,0,0.5223331255292096,1,19.870867603572137,1,0.45742653689022966,0,0.6590000987052917,1,0.936776340007782,0,1,0
r12cebbd2t:flux,r12cebbd2t,flux,fake,0.5744465589523315,1,0.49836428935163024,0,6.666106763281465,1,0.5682586497493475,1,0.9182993769645691,1,0.9594078063964844,1,1,1
r12cebbd2t:sd3_5,r12cebbd2t,sd3_5,fake,0.97208571434021,1,0.5286722687499616,1,23.37017350986373,1,0.2357761937755958,0,0.03508113697171211,0,0.8973874449729919,0,1,1
r06743f8ft:raise,r06743f8ft,raise,real,0.00039859479875303805,0,0.5563835093502052,1,38.742468493608285,1,0.5115136752729302,1,0.8198898434638977,1,0.9408987164497375,0,1,0
r06743f8ft:flux,r06743f8ft,flux,fake,0.9387237429618835,1,0.5087325326146295,1,12.37506360848898,1,0.510250862365503,1,0.8169214129447937,1,0.9351568818092346,0,1,1
r06743f8ft:sd3_5,r06743f8ft,sd3_5,fake,0.274584025144577,0,0.5117735067328769,1,14.050048387621343,1,0.3876002561923032,0,0.3835935592651367,0,0.9785600304603577,1,1,0
r03f70ccdt:raise,r03f70ccdt,raise,real,0.00028452364495024085,0,0.49502805264102545,0,4.8291811408347955,1,0.552143877480929,1,0.8966851830482483,1,0.9427776336669922,0,1,0
r03f70ccdt:flux,r03f70ccdt,flux,fake,0.958834707736969,1,0.5086749267796755,1,12.34333783368324,1,0.5441633620951805,1,0.8842769861221313,1,0.9582034945487976,1,1,1
r03f70ccdt:sd3_5,r03f70ccdt,sd3_5,fake,0.9997460246086121,1,0.5077167774949104,1,11.815665700328257,1,0.30678663376504695,0,0.13142836093902588,0,0.9399134516716003,0,1,1
r0b13d2a2t:raise,r0b13d2a2t,raise,real,0.00012040253932354972,0,0.4955142916492371,0,5.096914705656074,1,0.5600989309884209,1,0.9079031348228455,1,0.6822181344032288,0,1,0
r0b13d2a2t:flux,r0b13d2a2t,flux,fake,0.29466718435287476,0,0.499999014417634,0,7.566143866925115,1,0.4654891111360828,0,0.6872022747993469,1,0.9684528708457947,1,1,0
r0b13d2a2t:sd3_5,r0b13d2a2t,sd3_5,fake,0.9994888305664062,1,0.5019639621441332,1,8.647994677966762,1,0.4334191797724945,0,0.5682318210601807,1,0.9530542492866516,0,1,1
r097088c1t:raise,r097088c1t,raise,real,0.00018516146519687027,0,0.504066168742511,1,9.805454616494751,1,0.27322509009103707,0,0.07356575131416321,0,0.9643943905830383,1,1,0
r097088c1t:flux,r097088c1t,flux,fake,0.952494204044342,1,0.49582557141050126,0,5.268309494146034,1,0.5040278146392334,1,0.8017427325248718,1,0.943208634853363,0,1,1
r097088c1t:sd3_5,r097088c1t,sd3_5,fake,0.9998770952224731,1,0.49763809519066166,0,6.266278113167732,1,0.560848872970347,1,0.9089042544364929,1,0.6584442853927612,0,1,1
r06888d38t:raise,r06888d38t,raise,real,0.0002674175484571606,0,0.5209891500539521,1,19.12952047928774,1,0.2614327511746252,0,0.0589030385017395,0,0.17343074083328247,0,0,0
r06888d38t:flux,r06888d38t,flux,fake,0.9992087483406067,1,0.4934049979506909,0,3.9354522712484923,1,0.5051553222822563,1,0.8045611381530762,1,0.44780266284942627,0,0,1
r06888d38t:sd3_5,r06888d38t,sd3_5,fake,0.9999387264251709,1,0.49852765934340054,0,6.756054580269176,1,0.5666054468951331,1,0.9162798523902893,1,0.8641682863235474,0,1,1
r188eb234t:raise,r188eb234t,raise,real,4.880981578025967e-05,0,0.4939940804371784,0,4.259836153351318,1,0.5344925126835705,1,0.8675792217254639,1,0.9618051648139954,1,1,0
r188eb234t:flux,r188eb234t,flux,fake,0.9232904314994812,1,0.503156540166398,1,9.304612302921742,1,0.5436277030904495,1,0.8834007978439331,1,0.9642146825790405,1,1,1
r188eb234t:sd3_5,r188eb234t,sd3_5,fake,0.9999414682388306,1,0.49471289642290944,0,4.655646673517418,1,0.5628764544046636,1,0.9115639328956604,1,0.3800570070743561,0,0,1
r0e661e0dt:raise,r0e661e0dt,raise,real,4.165215068496764e-05,0,0.4992869134720733,0,7.17408074070522,1,0.5798628690184305,1,0.9313136339187622,1,0.7602430582046509,0,1,0
r0e661e0dt:flux,r0e661e0dt,flux,fake,0.886336088180542,1,0.5020435338199105,1,8.691805320373149,1,0.510103920815286,1,0.8165735602378845,1,0.9207183718681335,0,1,1
r0e661e0dt:sd3_5,r0e661e0dt,sd3_5,fake,0.9998414516448975,1,0.4991596227028888,0,7.103997834567619,1,0.5794890106915329,1,0.9309245944023132,1,0.8930019736289978,0,1,1
r0b4d8af5t:raise,r0b4d8af5t,raise,real,7.652420026715845e-05,0,0.4948944464728975,0,4.755613850575005,1,0.2578735575650792,0,0.054975010454654694,0,0.9305137991905212,0,1,0
r0b4d8af5t:flux,r0b4d8af5t,flux,fake,0.9995260238647461,1,0.4955992569102509,0,5.143697896054318,1,0.5343104953216788,1,0.8672466278076172,1,0.9533450603485107,0,1,1
r0b4d8af5t:sd3_5,r0b4d8af5t,sd3_5,fake,0.9998137354850769,1,0.4944134993380076,0,4.490787516925907,1,0.5898923359055243,1,0.9410505890846252,1,0.9646788239479065,1,1,1
r03bf5648t:raise,r03bf5648t,raise,real,0.0010575266787782311,0,0.49411702547326375,0,4.327535820312724,1,0.3637361689093452,0,0.29388847947120667,0,0.9282346963882446,0,1,0
r03bf5648t:flux,r03bf5648t,flux,fake,0.9979325532913208,1,0.49588282905118053,0,5.299836116865943,1,0.2522786004321168,0,0.04923250153660774,0,0.8964838981628418,0,1,0
r03bf5648t:sd3_5,r03bf5648t,sd3_5,fake,0.999893307685852,1,0.5000437748927863,1,7.590787732458658,1,0.5781304720109326,1,0.9294947981834412,1,0.8786391615867615,0,1,1
r05243256t:raise,r05243256t,raise,real,0.0011340657947584987,0,0.49127981088517614,0,2.765107449883027,1,0.44110549414117656,0,0.598232090473175,1,0.9413395524024963,0,1,0
r05243256t:flux,r05243256t,flux,fake,0.8991332054138184,1,0.4971203918077532,0,5.981237256447845,1,0.4894047625366294,0,0.7624233365058899,1,0.8551691174507141,0,1,0
r05243256t:sd3_5,r05243256t,sd3_5,fake,0.999896764755249,1,0.4978819077425885,0,6.40051718063994,1,0.5402211796484561,1,0.8776969313621521,1,0.5439012050628662,0,1,1
r0c9910e4t:raise,r0c9910e4t,raise,real,0.05566468834877014,0,0.503716247575614,1,9.612786133806296,1,0.5674089676877315,1,0.917266845703125,1,0.947001039981842,0,1,0
r0c9910e4t:flux,r0c9910e4t,flux,fake,0.7999855279922485,1,0.5034394245954673,1,9.460367336599175,1,0.5371550525680686,1,0.8723649978637695,1,0.9384753704071045,0,1,1
r0c9910e4t:sd3_5,r0c9910e4t,sd3_5,fake,0.9972681999206543,1,0.5043901497176638,1,9.983842240865409,1,0.5855263466075248,1,0.9369735717773438,1,0.9269324541091919,0,1,1
r1f5ad4e0t:raise,r1f5ad4e0t,raise,real,5.9573736507445574e-05,0,0.4991901920616098,0,7.1208285141573455,1,0.541709522867134,1,0.8802171945571899,1,0.9604160785675049,1,1,0
r1f5ad4e0t:flux,r1f5ad4e0t,flux,fake,0.8597614169120789,1,0.5224730718336587,1,19.948073121834803,1,0.570565119328611,1,0.9210458993911743,1,0.9527480006217957,0,1,1
r1f5ad4e0t:sd3_5,r1f5ad4e0t,sd3_5,fake,0.9930498600006104,1,0.5037614330853126,1,9.637665402568235,1,0.5975867353797709,1,0.9476680755615234,1,0.9484763145446777,0,1,1
r0809811bt:raise,r0809811bt,raise,real,0.00017193822714034468,0,0.49228286366400104,0,3.317509686743332,1,0.24634365589318966,0,0.043686117976903915,0,0.8464802503585815,0,1,0
r0809811bt:flux,r0809811bt,flux,fake,0.9998915195465088,1,0.5008698128693166,1,8.045581617460657,1,0.4799096813868436,0,0.7341445088386536,1,0.9250861406326294,0,1,1
r0809811bt:sd3_5,r0809811bt,sd3_5,fake,0.9970976114273071,1,0.4976567750073927,0,6.2765629253923265,1,0.583658287294192,1,0.9351540803909302,1,0.9419954419136047,0,1,1
r04989a70t:raise,r04989a70t,raise,real,0.0002389755827607587,0,0.49249882310912785,0,3.4364384613015257,1,0.4216600051295486,0,0.5211711525917053,1,0.7907724976539612,0,1,0
r04989a70t:flux,r04989a70t,flux,fake,0.9709334969520569,1,0.4981855562185711,0,6.567700127731489,1,0.5259106943590287,1,0.851137101650238,1,0.9748285412788391,1,1,1
r04989a70t:sd3_5,r04989a70t,sd3_5,fake,0.9995847344398499,1,0.4944502228784217,0,4.511008978767022,1,0.5502045282375335,1,0.8937791585922241,1,0.9167894721031189,0,1,1
r1ceba29dt:raise,r1ceba29dt,raise,real,0.00013048405526205897,0,0.49251456588019926,0,3.445107937811275,1,0.3295715329115579,0,0.18646535277366638,0,0.47115617990493774,0,0,0
r1ceba29dt:flux,r1ceba29dt,flux,fake,0.8991297483444214,1,0.5011236086534129,1,8.185315034665111,1,0.5198223277988255,1,0.8384973406791687,1,0.8989442586898804,0,1,1
r1ceba29dt:sd3_5,r1ceba29dt,sd3_5,fake,0.9998692274093628,1,0.5004970254832316,1,7.840334918222138,1,0.5659331234810345,1,0.9154461026191711,1,0.8637891411781311,0,1,1
r1e14f45ct:raise,r1e14f45ct,raise,real,0.00035120113170705736,0,0.5926879298335802,1,59.19497535973747,1,0.5872939119964407,1,0.9386533498764038,1,0.8866444826126099,0,1,0
r1e14f45ct:flux,r1e14f45ct,flux,fake,0.9924650192260742,1,0.5071366021990363,1,11.496166887838674,1,0.5715273507560643,1,0.9221675992012024,1,0.9348627924919128,0,1,1
r1e14f45ct:sd3_5,r1e14f45ct,sd3_5,fake,0.9996986389160156,1,0.5026941194996098,1,9.050007686401925,1,0.49120167975669266,0,0.7675325870513916,1,0.9674838185310364,1,1,1
r1d00d8ect:raise,r1d00d8ect,raise,real,0.02102646976709366,0,0.4955877621255734,0,5.137368697589939,1,0.5594584388260595,1,0.9070405960083008,1,0.43611881136894226,0,0,0
r1d00d8ect:flux,r1d00d8ect,flux,fake,0.9348233342170715,1,0.5000243695931033,1,7.580103717253598,1,0.5400059179020703,1,0.8773287534713745,1,0.976139485836029,1,1,1
r1d00d8ect:sd3_5,r1d00d8ect,sd3_5,fake,0.9998975992202759,1,0.5000648918132531,1,7.60241411827372,1,0.3291087517431339,0,0.1852124184370041,0,0.946877121925354,0,1,1
r14902ba4t:raise,r14902ba4t,raise,real,9.084344492293894e-05,0,0.491228314972681,0,2.7367465635474097,1,0.5416152754707212,1,0.8800588846206665,1,0.9721551537513733,1,1,0
r14902ba4t:flux,r14902ba4t,flux,fake,0.9937297105789185,1,0.497645965078571,0,6.270611149662548,1,0.525930836846821,1,0.8511775135993958,1,0.9566800594329834,1,1,1
r14902ba4t:sd3_5,r14902ba4t,sd3_5,fake,0.9999679327011108,1,0.4984627237672377,0,6.720302544682134,1,0.5593510116717543,1,0.9068951606750488,1,0.7211323380470276,0,1,1
r08f2d4c6t:raise,r08f2d4c6t,raise,real,0.00010874208965105936,0,0.494398515025742,0,4.482536540985732,1,0.5336945526527044,1,0.8661162853240967,1,0.9805755615234375,1,1,0
r08f2d4c6t:flux,r08f2d4c6t,flux,fake,0.9990092515945435,1,0.498467385745749,0,6.722869323824395,1,0.5497681861045763,1,0.8931158185005188,1,0.9530438184738159,0,1,1
r08f2d4c6t:sd3_5,r08f2d4c6t,sd3_5,fake,0.9998505115509033,1,0.4965601751136518,0,5.672785266019034,1,0.5867538104092295,1,0.938144326210022,1,0.9690993428230286,1,1,1
r1c4d4720t:raise,r1c4d4720t,raise,real,0.0022124082315713167,0,0.4928645888466974,0,3.6378620042316436,1,0.5588190574030527,1,0.9061725735664368,1,0.6951625347137451,0,1,0
r1c4d4720t:flux,r1c4d4720t,flux,fake,0.9868506789207458,1,0.5061723658403241,1,10.965191106966493,1,0.5539206780201672,1,0.8992875218391418,1,0.9391776323318481,0,1,1
r1c4d4720t:sd3_5,r1c4d4720t,sd3_5,fake,0.9949612617492676,1,0.5045510748713665,1,10.072450213284801,1,0.4948925502658397,0,0.7777830362319946,1,0.9494799375534058,0,1,1
r09dc6407t:raise,r09dc6407t,raise,real,0.009328629821538925,0,0.5089534896399364,1,12.496754431795779,1,0.5899326636378212,1,0.9410871267318726,1,0.8510888814926147,0,1,0
r09dc6407t:flux,r09dc6407t,flux,fake,0.9986745119094849,1,0.497583316912728,0,6.236118036993746,1,0.5586724891346526,1,0.9059725999832153,1,0.68687504529953,0,1,1
r09dc6407t:sd3_5,r09dc6407t,sd3_5,fake,0.9989252686500549,1,0.5040722342348133,1,9.80879432807915,1,0.5727895811998439,1,0.9236177802085876,1,0.9759568572044373,1,1,1
r0703243bt:raise,r0703243bt,raise,real,9.381887502968311e-05,0,0.5036798774146087,1,9.5927606451334,1,0.2852679337116438,0,0.09140122681856155,0,0.6959644556045532,0,1,0
r0703243bt:flux,r0703243bt,flux,fake,0.9997462630271912,1,0.4939961670629891,0,4.260985156876148,1,0.555766063031279,1,0.9019307494163513,1,0.9182327389717102,0,1,1
r0703243bt:sd3_5,r0703243bt,sd3_5,fake,0.9999595880508423,1,0.4982970770228107,0,6.629101122719073,1,0.4688172814310593,0,0.6984477639198303,1,0.84365314245224,0,1,0
r10a207det:raise,r10a207det,raise,real,0.00015257035556714982,0,0.5071920579843433,1,11.526705561828784,1,0.3571284401583657,0,0.2709381878376007,0,0.889175295829773,0,1,0
r10a207det:flux,r10a207det,flux,fake,0.9717803597450256,1,0.4958027222598454,0,5.2557285092395025,1,0.40842076795709276,0,0.46734440326690674,0,0.9250418543815613,0,1,0
r10a207det:sd3_5,r10a207det,sd3_5,fake,0.999941349029541,1,0.4954143298267415,0,5.041873993082332,1,0.5334398061364416,1,0.865646481513977,1,0.9781332015991211,1,1,1
r1cd8d9a4t:raise,r1cd8d9a4t,raise,real,0.0008121042628772557,0,0.4974011026697954,0,6.135793447286613,1,0.5794353271536885,1,0.9308686256408691,1,0.7652466893196106,0,1,0
r1cd8d9a4t:flux,r1cd8d9a4t,flux,fake,0.31075072288513184,0,0.496364829983003,0,5.565228316553493,1,0.5793463526958028,1,0.9307757616043091,1,0.9813401103019714,1,1,0
r1cd8d9a4t:sd3_5,r1cd8d9a4t,sd3_5,fake,0.999248206615448,1,0.4946892212453626,0,4.642610318876681,1,0.5583556704592793,1,0.9055390954017639,1,0.9427175521850586,0,1,1
r1a485a99t:raise,r1a485a99t,raise,real,0.0001385894720442593,0,0.49056337776169995,0,2.370529265766991,1,0.5680999614651524,1,0.9181074500083923,1,0.9150801301002502,0,1,0
r1a485a99t:flux,r1a485a99t,flux,fake,0.9998276233673096,1,0.5036183468077154,1,9.558881809691394,1,0.5615214401463035,1,0.9097940921783447,1,0.9434612393379211,0,1,1
r1a485a99t:sd3_5,r1a485a99t,sd3_5,fake,0.9999715089797974,1,0.49564113670400894,0,5.166757508329606,1,0.5651478193837486,1,0.914463222026825,1,0.9508504271507263,0,1,1
r1a8ee526t:raise,r1a8ee526t,raise,real,0.024381643161177635,0,0.49469839583216135,0,4.647662158666459,1,0.5295195052997019,1,0.858243465423584,1,0.9276546835899353,0,1,0
r1a8ee526t:flux,r1a8ee526t,flux,fake,0.9990779161453247,1,0.49861783023299944,0,6.805700554268152,1,0.2104831320659242,0,0.020004717633128166,0,0.9707791805267334,1,1,1
r1a8ee526t:sd3_5,r1a8ee526t,sd3_5,fake,0.9999138116836548,1,0.500245090163422,1,7.7016262995450635,1,0.5919907722200696,1,0.9429254531860352,1,0.32017967104911804,0,0,1
r1ea8ccbbt:raise,r1ea8ccbbt,raise,real,8.653132681502029e-05,0,0.49903107896468996,0,7.033225016178927,1,0.5587463545750662,1,0.9060733914375305,1,0.9756592512130737,1,1,0
r1ea8ccbbt:flux,r1ea8ccbbt,flux,fake,0.9874239563941956,1,0.5059268211297391,1,10.8299812621494,1,0.5322644644145583,1,0.8634611368179321,1,0.9476205110549927,0,1,1
r1ea8ccbbt:sd3_5,r1ea8ccbbt,sd3_5,fake,0.9993240833282471,1,0.5235944426213917,1,20.566781802833784,1,0.5406616653143451,1,0.878447413444519,1,0.9314385056495667,0,1,1
r110f894ft:raise,r110f894ft,raise,real,0.0026539957616478205,0,0.48888027367978554,0,1.443466622381545,0,0.5481022969691067,1,0.8905506730079651,1,0.8655509948730469,0,1,0
r110f894ft:flux,r110f894ft,flux,fake,0.9756971597671509,1,0.500523828625619,1,7.855091994001596,1,0.5631086018821952,1,0.911864161491394,1,0.9652326107025146,1,1,1
r110f894ft:sd3_5,r110f894ft,sd3_5,fake,0.9998435974121094,1,0.499597765029054,0,7.345227130505243,1,0.5836428445089484,1,0.9351388812065125,1,0.9585179686546326,1,1,1
r16422663t:raise,r16422663t,raise,real,0.00244001392275095,0,0.4965754314079307,0,5.681185350675269,1,0.560980816396816,1,0.9090794324874878,1,0.942712128162384,0,1,0
r16422663t:flux,r16422663t,flux,fake,0.9929617047309875,1,0.4965754818502824,0,5.681213124125889,1,0.5614287816735926,1,0.9096719622612,1,0.9714357256889343,1,1,1
r16422663t:sd3_5,r16422663t,sd3_5,fake,0.9972854852676392,1,0.498090071174668,0,6.515128004309033,1,0.4120146924459371,0,0.48198357224464417,0,0.9638826251029968,1,1,1
r1aa4db16t:raise,r1aa4db16t,raise,real,6.211615982465446e-05,0,0.4912732092999836,0,2.7614716950380016,1,0.23391385415951393,0,0.033720627427101135,0,0.4833424389362335,0,0,0
r1aa4db16t:flux,r1aa4db16t,flux,fake,0.9991955161094666,1,0.4960548672389516,0,5.394561688556659,1,0.511031388616798,1,0.8187605738639832,1,0.9098533987998962,0,1,1
r1aa4db16t:sd3_5,r1aa4db16t,sd3_5,fake,0.999834418296814,1,0.5148945984835437,1,15.769662763351459,1,0.5667152823634544,1,0.9164153933525085,1,0.9577050805091858,1,1,1
r193b12aet:raise,r193b12aet,raise,real,0.0008049893658608198,0,0.4911250144619405,0,2.6798544754200475,1,0.5606305331022982,1,0.9086138010025024,1,0.928508996963501,0,1,0
r193b12aet:flux,r193b12aet,flux,fake,0.996895432472229,1,0.4994423829958658,0,7.259678050243019,1,0.5330546714004167,1,0.8649336099624634,1,0.9192190170288086,0,1,1
r193b12aet:sd3_5,r193b12aet,sd3_5,fake,0.9986892342567444,1,0.5005935079315368,1,7.893455518560623,1,0.5748186964884966,1,0.9258994460105896,1,0.6947621703147888,0,1,1
r1f4f8a51t:raise,r1f4f8a51t,raise,real,0.0015566813526675105,0,0.4952757279268897,0,4.965557049065445,1,0.5327162388818201,1,0.8643045425415039,1,0.977766752243042,1,1,0
r1f4f8a51t:flux,r1f4f8a51t,flux,fake,0.999067485332489,1,0.498467056389536,0,6.722687987802911,1,0.5537435891141943,1,0.8990306854248047,1,0.942889928817749,0,1,1
r1f4f8a51t:sd3_5,r1f4f8a51t,sd3_5,fake,0.9998705387115479,1,0.5082520763233391,1,12.110461462974534,1,0.5762192425212102,1,0.9274392127990723,1,0.9349827170372009,0,1,1
r0ba4c4c0t:raise,r0ba4c4c0t,raise,real,0.00046412457595579326,0,0.49301244749478207,0,3.7192850806978934,1,0.28911763771471083,0,0.09776417911052704,0,0.9168798327445984,0,1,0
r0ba4c4c0t:flux,r0ba4c4c0t,flux,fake,0.9997947812080383,1,0.49282449635436093,0,3.6157836778106742,1,0.5227732387908628,1,0.8447268605232239,1,0.6057514548301697,0,1,1
r0ba4c4c0t:sd3_5,r0ba4c4c0t,sd3_5,fake,0.9998706579208374,1,0.49472476939013715,0,4.662184326493834,1,0.5759686619271649,1,0.9271657466888428,1,0.3218390941619873,0,0,1
r0141f0c9t:raise,r0141f0c9t,raise,real,0.00012911861995235085,0,0.49631067797784095,0,5.535412137767513,1,0.596756644435917,1,0.9469875693321228,1,0.902701199054718,0,1,0
r0141f0c9t:flux,r0141f0c9t,flux,fake,0.9976032376289368,1,0.49783820350759467,0,6.376454410667771,1,0.6047835400883657,1,0.9532488584518433,1,0.9338641166687012,0,1,1
r0141f0c9t:sd3_5,r0141f0c9t,sd3_5,fake,0.9969972372055054,1,0.5072983748934471,1,11.585252971405994,1,0.5894220898499656,1,0.9406230449676514,1,0.890254557132721,0,1,1
r0225b88bt:raise,r0225b88bt,raise,real,0.00012086772767361253,0,0.49303589580044493,0,3.732197575246838,1,0.420269781525506,0,0.5155432820320129,1,0.8234423398971558,0,1,0
r0225b88bt:flux,r0225b88bt,flux,fake,0.9993153810501099,1,0.5169359220892904,1,16.89469987230712,1,0.2695773705433403,0,0.06874857097864151,0,0.9523195028305054,0,1,1
r0225b88bt:sd3_5,r0225b88bt,sd3_5,fake,0.9999200105667114,1,0.5003433072195916,1,7.755701882005417,1,0.5465286080237153,1,0.8880797028541565,1,0.963396430015564,1,1,1
r02354285t:raise,r02354285t,raise,real,0.00034051697002723813,0,0.49120812035843353,0,2.7256245429656585,1,0.2911286123905234,0,0.10122153908014297,0,0.8000103235244751,0,1,0
r02354285t:flux,r02354285t,flux,fake,0.9990474581718445,1,0.49364533030012336,0,4.06779473528208,1,0.2884197267361728,0,0.09658589214086533,0,0.9334149956703186,0,1,0
r02354285t:sd3_5,r02354285t,sd3_5,fake,0.9999630451202393,1,0.4976906896210641,0,6.295235767140285,1,0.578122644981962,1,0.9294864535331726,1,0.6442654728889465,0,1,1
r06bfc92at:raise,r06bfc92at,raise,real,0.0003307910228613764,0,0.49222094786331744,0,3.283412391053081,1,0.2643293660578577,0,0.06226480007171631,0,0.9851299524307251,1,1,0
r06bfc92at:flux,r06bfc92at,flux,fake,0.9954981803894043,1,0.5136836875096001,1,15.102423782027222,1,0.20040303896230194,0,0.015739982947707176,0,0.9312071204185486,0,1,1
r06bfc92at:sd3_5,r06bfc92at,sd3_5,fake,0.9997435212135315,1,0.512564638428253,1,14.485881622585772,1,0.49273149124338456,0,0.771821141242981,1,0.8573588132858276,0,1,1
r07598392t:raise,r07598392t,raise,real,9.653234883444384e-05,0,0.5227429990552774,1,20.09699196620028,1,0.5675846759463807,1,0.9174812436103821,1,0.8851391673088074,0,1,0
r07598392t:flux,r07598392t,flux,fake,0.9896859526634216,1,0.49401980541463825,0,4.274001641415518,1,0.5583307617339535,1,0.9055048823356628,1,0.9492403864860535,0,1,1
r07598392t:sd3_5,r07598392t,sd3_5,fake,0.9997856020927429,1,0.5013768380225182,1,8.324736916036082,1,0.5778007244640162,1,0.9291438460350037,1,0.928402304649353,0,1,1
r042d7b17t:raise,r042d7b17t,raise,real,0.0014237887226045132,0,0.49591116771564053,0,5.315439643482888,1,0.33056205429541596,0,0.18916605412960052,0,0.9062935709953308,0,1,0
r042d7b17t:flux,r042d7b17t,flux,fake,0.9907330274581909,1,0.49693244648604895,0,5.877756158759129,1,0.54900330945803,1,0.8919445276260376,1,0.9056175947189331,0,1,1
r042d7b17t:sd3_5,r042d7b17t,sd3_5,fake,0.9998424053192139,1,0.4968403109154739,0,5.827026923687024,1,0.5719258907016855,1,0.9226280450820923,1,0.9607043266296387,1,1,1
r13b45303t:raise,r13b45303t,raise,real,0.0002863098052330315,0,0.4967749889098142,0,5.791060988533141,1,0.526980492921524,1,0.8532732725143433,1,0.8835969567298889,0,1,0
r13b45303t:flux,r13b45303t,flux,fake,0.9985613226890564,1,0.49768447940388977,0,6.291816522156629,1,0.5565926663742966,1,0.9030951857566833,1,0.8912755846977234,0,1,1
r13b45303t:sd3_5,r13b45303t,sd3_5,fake,0.9836576581001282,1,0.5224615082917909,1,19.941693678325606,1,0.4104570768207893,0,0.47563841938972473,0,0.9797779321670532,1,1,1
r12d4cabat:raise,r12d4cabat,raise,real,0.0018202168866991997,0,0.5025161647722753,1,8.952028130814805,1,0.5478739049942648,1,0.8901949524879456,1,0.3074687123298645,0,0,0
r12d4cabat:flux,r12d4cabat,flux,fake,0.9989861845970154,1,0.5037558011216074,1,9.634564425670364,1,0.5532599070180608,1,0.8983263373374939,1,0.8931102752685547,0,1,1
r12d4cabat:sd3_5,r12d4cabat,sd3_5,fake,0.9999585151672363,1,0.4986753912609257,0,6.837392278238953,1,0.5653262624378209,1,0.9146873950958252,1,0.9112668037414551,0,1,1
r1d527f65t:raise,r1d527f65t,raise,real,0.006667951587587595,0,0.49491723650516545,0,4.768162707400664,1,0.5658119641243372,1,0.9152950644493103,1,0.9514522552490234,0,1,0
r1d527f65t:flux,r1d527f65t,flux,fake,0.9434506297111511,1,0.4958731732781935,0,5.294519557041472,1,0.5040552709482087,1,0.8018117547035217,1,0.9393458962440491,0,1,1
r1d527f65t:sd3_5,r1d527f65t,sd3_5,fake,0.9999371767044067,1,0.5049636630130226,1,10.299630281740605,1,0.5376086774345156,1,0.8731658458709717,1,0.9297162294387817,0,1,1
r042d5308t:raise,r042d5308t,raise,real,0.00011521516717039049,0,0.49495595677213755,0,4.789483189693015,1,0.5612622351826398,1,0.9094520807266235,1,0.9598112106323242,1,1,0
r042d5308t:flux,r042d5308t,flux,fake,0.535323977470398,1,0.4972894745219343,0,6.074332378962503,1,0.5535219497787727,1,0.8987085223197937,1,0.9219517707824707,0,1,1
r042d5308t:sd3_5,r042d5308t,sd3_5,fake,0.9995855689048767,1,0.49259665718877166,0,3.490315137295287,1,0.5309742099374022,1,0.8610286116600037,1,0.8360310196876526,0,1,1
r116ce066t:raise,r116ce066t,raise,real,0.0011332397116348147,0,0.4977647581034177,0,6.336016643823859,1,0.5625386025950329,1,0.9111255407333374,1,0.6924611926078796,0,1,0
r116ce066t:flux,r116ce066t,flux,fake,0.9995394945144653,1,0.49695783197700877,0,5.891733221686585,1,0.5101899469005793,1,0.8167772889137268,1,0.8928608298301697,0,1,1
r116ce066t:sd3_5,r116ce066t,sd3_5,fake,0.9999387264251709,1,0.49835480322389736,0,6.66088391049959,1,0.4515426923287433,0,0.637618362903595,1,0.9596535563468933,1,1,1
r150058a4t:raise,r150058a4t,raise,real,0.0004888072144240141,0,0.5044822606417814,1,10.034559931560826,1,0.5589386914534579,1,0.9063354730606079,1,0.9359712600708008,0,1,0
r150058a4t:flux,r150058a4t,flux,fake,0.9988017082214355,1,0.4993753267053264,0,7.222758680869177,1,0.5557569707990566,1,0.9019178152084351,1,0.946256160736084,0,1,1
r150058a4t:sd3_5,r150058a4t,sd3_5,fake,0.999923825263977,1,0.5050969625298769,1,10.373028696290522,1,0.5759380106291023,1,0.927132248878479,1,0.9426420331001282,0,1,1
r0ed019a4t:raise,r0ed019a4t,raise,real,3.971577825723216e-05,0,0.5269154027513338,1,22.399893071514,1,0.5647538063198146,1,0.9139662384986877,1,0.8867301940917969,0,1,0
r0ed019a4t:flux,r0ed019a4t,flux,fake,0.999691367149353,1,0.5015376131407902,1,8.413255951216648,1,0.4651816181447051,0,0.6861513257026672,1,0.9314755797386169,0,1,1
r0ed019a4t:sd3_5,r0ed019a4t,sd3_5,fake,0.9999356269836426,1,0.5031322088915958,1,9.291215653849946,1,0.3437890489588976,0,0.2276732474565506,0,0.9628238081932068,1,1,1
r1aa53167t:raise,r1aa53167t,raise,real,5.03691662743222e-05,0,0.49494727046470416,0,4.784700264219734,1,0.4971030217245625,0,0.7837648987770081,1,0.4367068409919739,0,0,0
r1aa53167t:flux,r1aa53167t,flux,fake,0.9969466328620911,1,0.4935202344037747,0,3.9989090868421497,1,0.39273503863729625,0,0.4039514362812042,0,0.9304484724998474,0,1,0
r1aa53167t:sd3_5,r1aa53167t,sd3_5,fake,0.999958872795105,1,0.4956232692513375,0,5.156919437969651,1,0.5672443854397748,1,0.9170655012130737,1,0.9736287593841553,1,1,1
r0a54ed98t:raise,r0a54ed98t,raise,real,0.00013856067380402237,0,0.547916354817174,1,34.02930046259229,1,0.5610404191365438,1,0.90915846824646,1,0.5400547385215759,0,1,0
r0a54ed98t:flux,r0a54ed98t,flux,fake,0.9975138902664185,1,0.49822253555172946,0,6.5880601767848885,1,0.5449209782299765,1,0.8855067491531372,1,0.9559993147850037,0,1,1
r0a54ed98t:sd3_5,r0a54ed98t,sd3_5,fake,0.9957379102706909,1,0.517231620719462,1,17.057693553106812,1,0.5662952726751876,1,0.9158960580825806,1,0.8783907294273376,0,1,1
r06b7849at:raise,r06b7849at,raise,real,0.0008708920795470476,0,0.4907232643955174,0,2.4585892120590813,1,0.5601384953190534,1,0.9079561829566956,1,0.5953165292739868,0,1,0
r06b7849at:flux,r06b7849at,flux,fake,0.9993600249290466,1,0.5015760344830312,1,8.434409872534436,1,0.5246787164748632,1,0.8486459255218506,1,0.9200030565261841,0,1,1
r06b7849at:sd3_5,r06b7849at,sd3_5,fake,0.9999115467071533,1,0.5011888479108243,1,8.221234136894205,1,0.5354491411574548,1,0.869315505027771,1,0.49509429931640625,0,0,1
r066ef803t:raise,r066ef803t,raise,real,0.0005693641724064946,0,0.502848068111116,1,9.134770089497374,1,0.35567863149550005,0,0.266031950712204,0,0.8716931939125061,0,1,0
r066ef803t:flux,r066ef803t,flux,fake,0.911363422870636,1,0.5010992267804367,1,8.171890991141579,1,0.5390423212560564,1,0.8756693601608276,1,0.9479186534881592,0,1,1
r066ef803t:sd3_5,r066ef803t,sd3_5,fake,0.9999129772186279,1,0.4916656975104995,0,2.9776276541139084,1,0.5539086792457193,1,0.8992701768875122,1,0.9457384347915649,0,1,1
r1717ae55t:raise,r1717ae55t,raise,real,0.0008358083432540298,0,0.4929996736220227,0,3.7122507673584275,1,0.5935526717884025,1,0.9442862272262573,1,0.8622638583183289,0,1,0
r1717ae55t:flux,r1717ae55t,flux,fake,0.9673200249671936,1,0.5064291545214885,1,11.106594228996853,1,0.5731616216492772,1,0.9240407347679138,1,0.5727086067199707,0,1,1
r1717ae55t:sd3_5,r1717ae55t,sd3_5,fake,0.9005926251411438,1,0.5053784360344731,1,10.528017145465455,1,0.5634957941224773,1,0.9123628735542297,1,0.927120566368103,0,1,1
r021429abt:raise,r021429abt,raise,real,0.0010559115326032043,0,0.49104647340510443,0,2.636598217320654,1,0.5245877526166315,1,0.8484606146812439,1,0.8285382986068726,0,1,0
r021429abt:flux,r021429abt,flux,fake,0.9939715266227722,1,0.49619854861040746,0,5.473673380284544,1,0.5578264923465226,1,0.9048112034797668,1,0.9291884899139404,0,1,1
r021429abt:sd3_5,r021429abt,sd3_5,fake,0.9996672868728638,1,0.4960212890735204,0,5.376073329157788,1,0.5738759733652902,1,0.9248469471931458,1,0.8597109317779541,0,1,1
r1e698e5dt:raise,r1e698e5dt,raise,real,0.000651675567496568,0,0.4918639748471586,0,3.086823232092888,1,0.5765822422887559,1,0.927833616733551,1,0.9792796969413757,1,1,0
r1e698e5dt:flux,r1e698e5dt,flux,fake,0.9977906942367554,1,0.4956840497449317,0,5.190386006311036,1,0.5636475085364606,1,0.9125576019287109,1,0.945158839225769,0,1,1
r1e698e5dt:sd3_5,r1e698e5dt,sd3_5,fake,0.9921401143074036,1,0.5172271368568151,1,17.055221928945393,1,0.5892325760983509,1,0.9404498934745789,1,0.942820131778717,0,1,1
r1554cfadt:raise,r1554cfadt,raise,real,0.0003498070582281798,0,0.4983703629333927,0,6.6694507431503505,1,0.5369439165530967,1,0.8719907999038696,1,0.966555118560791,1,1,0
r1554cfadt:flux,r1554cfadt,flux,fake,0.9988526105880737,1,0.4953232815870581,0,4.991741078197765,1,0.5385161818989099,1,0.8747554421424866,1,0.9159491658210754,0,1,1
r1554cfadt:sd3_5,r1554cfadt,sd3_5,fake,0.9989258646965027,1,0.5004610173871834,1,7.820509849637557,1,0.5745351717991362,1,0.9255843758583069,1,0.9103538990020752,0,1,1
r00c4a543t:raise,r00c4a543t,raise,real,0.00012124046770622954,0,0.49243405200383145,0,3.400769205035239,1,0.5287578661592942,1,0.8567671179771423,1,0.7529852390289307,0,1,0
r00c4a543t:flux,r00c4a543t,flux,fake,0.9372506737709045,1,0.492169189227683,0,3.2549085887040636,1,0.48428625529782815,0,0.7474454045295715,1,0.9545824527740479,0,1,0
r00c4a543t:sd3_5,r00c4a543t,sd3_5,fake,0.9998660087585449,1,0.49440417031228656,0,4.4856505739910135,1,0.5948167372748931,1,0.9453662037849426,1,0.8044074177742004,0,1,1
r1a020c3ft:raise,r1a020c3ft,raise,real,0.0009593500872142613,0,0.4972018822169286,0,6.02610504257842,1,0.558324075227103,1,0.9054957628250122,1,0.8603487610816956,0,1,0
r1a020c3ft:flux,r1a020c3ft,flux,fake,0.9998356103897095,1,0.49378527851497994,0,4.144858483190076,1,0.5581989243149742,1,0.9053239822387695,1,0.951847493648529,0,1,1
r1a020c3ft:sd3_5,r1a020c3ft,sd3_5,fake,0.9999651908874512,1,0.4942192560784484,0,4.38382879011159,1,0.5712869485715779,1,0.9218886494636536,1,0.9613459706306458,1,1,1
r0ebb0bb4t:raise,r0ebb0bb4t,raise,real,0.0001396948064211756,0,0.4969946356137874,0,5.9119970156474055,1,0.55381279858453,1,0.899131178855896,1,0.46803149580955505,0,0,0
r0ebb0bb4t:flux,r0ebb0bb4t,flux,fake,0.9957725405693054,1,0.49858575398267474,0,6.788040130043336,1,0.5419946205455942,1,0.8806949257850647,1,0.9652786254882812,1,1,1
r0ebb0bb4t:sd3_5,r0ebb0bb4t,sd3_5,fake,0.9999589920043945,1,0.49571260733016975,0,5.206110177730427,1,0.5764016953396587,1,0.9276376962661743,1,0.7717095017433167,0,1,1
r1234de87t:raise,r1234de87t,raise,real,0.0001571491884533316,0,0.5064658999403664,1,11.126828593328733,1,0.5866209063177066,1,0.9380185604095459,1,0.8383724689483643,0,1,0
r1234de87t:flux,r1234de87t,flux,fake,0.9906111359596252,1,0.4985407220282975,0,6.763246590964145,1,0.5488330729368973,1,0.8916822671890259,1,0.9700700640678406,1,1,1
r1234de87t:sd3_5,r1234de87t,sd3_5,fake,0.9998699426651001,1,0.49800391341143885,0,6.467691226227572,1,0.5461516866231646,1,0.8874809145927429,1,0.9195861220359802,0,1,1
r0e5b5159t:raise,r0e5b5159t,raise,real,4.282850932213478e-05,0,0.4947200774046573,0,4.659600762705968,1,0.5069081462921211,1,0.8088824152946472,1,0.5721941590309143,0,1,0
r0e5b5159t:flux,r0e5b5159t,flux,fake,0.9927524328231812,1,0.495358305826578,0,5.011026119277972,1,0.4743993818645324,0,0.7167615294456482,1,0.9644922018051147,1,1,1
r0e5b5159t:sd3_5,r0e5b5159t,sd3_5,fake,0.9998769760131836,1,0.5063756161739581,1,11.077112678662482,1,0.2822894015086948,0,0.08670353144407272,0,0.9629586338996887,1,1,1
r1915909et:raise,r1915909et,raise,real,0.0006193736335262656,0,0.4989209987851599,0,6.97261769432437,1,0.5703719376881621,1,0.9208190441131592,1,0.8544159531593323,0,1,0
r1915909et:flux,r1915909et,flux,fake,0.9992002844810486,1,0.5012208605235056,1,8.238859488254347,1,0.5463152396790092,1,0.8877410888671875,1,0.8856649994850159,0,1,1
r1915909et:sd3_5,r1915909et,sd3_5,fake,0.9998797178268433,1,0.49914480132239464,0,7.095837573625427,1,0.5518983816653373,1,0.8963210582733154,1,0.9454837441444397,0,1,1
r1ead3024t:raise,r1ead3024t,raise,real,0.00027674381271936,0,0.495405469469907,0,5.0369953173164514,1,0.570070988681259,1,0.9204643964767456,1,0.8439303636550903,0,1,0
r1ead3024t:flux,r1ead3024t,flux,fake,0.9998430013656616,1,0.4984345596712116,0,6.704796032000557,1,0.5685623635831788,1,0.9186657667160034,1,0.9271417260169983,0,1,1
r1ead3024t:sd3_5,r1ead3024t,sd3_5,fake,0.9999387264251709,1,0.49803661095426255,0,6.485693860854313,1,0.5455147985647667,1,0.8864628672599792,1,0.9136847257614136,0,1,1
r085bdbe2t:raise,r085bdbe2t,raise,real,7.896722672739998e-05,0,0.4952069153359636,0,4.927667329378079,1,0.270238420043421,0,0.06960230320692062,0,0.9561007618904114,0,1,0
r085bdbe2t:flux,r085bdbe2t,flux,fake,0.9981176853179932,1,0.5087557560982525,1,12.387853720642342,1,0.5663218219209141,1,0.9159289598464966,1,0.936634361743927,0,1,1
r085bdbe2t:sd3_5,r085bdbe2t,sd3_5,fake,0.9999287128448486,1,0.5054417026797319,1,10.562854069092547,1,0.5859731294724568,1,0.9374020099639893,1,0.9728484153747559,1,1,1
r0a42c0f6t:raise,r0a42c0f6t,raise,real,0.00110888690687716,0,0.4956293949557966,0,5.1602923375624234,1,0.5207247344957685,1,0.8404231667518616,1,0.49922576546669006,0,0,0
r0a42c0f6t:flux,r0a42c0f6t,flux,fake,0.9623152613639832,1,0.5037676200384674,1,9.641071959005288,1,0.3748297713828484,0,0.33440902829170227,0,0.9202835559844971,0,1,1
r0a42c0f6t:sd3_5,r0a42c0f6t,sd3_5,fake,0.9999293088912964,1,0.511588913463809,1,13.948360995147837,1,0.5763682464778492,1,0.9276013374328613,1,0.9456531405448914,0,1,1
r1c028de8t:raise,r1c028de8t,raise,real,0.00024059723364189267,0,0.4992293552262173,0,7.142390710894379,1,0.5157254416535548,1,0.829521119594574,1,0.8279971480369568,0,1,0
r1c028de8t:flux,r1c028de8t,flux,fake,0.9790140986442566,1,0.49891356547423327,0,6.968525102079832,1,0.5551289359307354,1,0.9010249376296997,1,0.9805011749267578,1,1,1
r1c028de8t:sd3_5,r1c028de8t,sd3_5,fake,0.9999340772628784,1,0.5018719851837394,1,8.59735399127838,1,0.6019530762166359,1,0.9511208534240723,1,0.7809682488441467,0,1,1
r1297fd0bt:raise,r1297fd0bt,raise,real,0.0012543441262096167,0,0.4917572422335836,0,3.0280434720899634,1,0.2843680271289717,0,0.0899614542722702,0,0.9216102361679077,0,1,0
r1297fd0bt:flux,r1297fd0bt,flux,fake,0.7180076837539673,1,0.4953754101405603,0,5.020444084739188,1,0.23729121533581232,0,0.036221038550138474,0,0.955814003944397,0,1,0
r1297fd0bt:sd3_5,r1297fd0bt,sd3_5,fake,0.9999626874923706,1,0.49878719886867046,0,6.898950815911756,1,0.2769535233754304,0,0.07876364141702652,0,0.9494720101356506,0,1,0
r113402d4t:raise,r113402d4t,raise,real,0.00028713507344946265,0,0.4939264582716614,0,4.222599847374136,1,0.2694253254884571,0,0.06855341792106628,0,0.13809657096862793,0,0,0
r113402d4t:flux,r113402d4t,flux,fake,0.9985252022743225,1,0.49716909463463155,0,6.008052544962079,1,0.5127883112152868,1,0.8228482007980347,1,0.929510772228241,0,1,1
r113402d4t:sd3_5,r113402d4t,sd3_5,fake,0.99996018409729,1,0.4958732074266108,0,5.294538359485571,1,0.5476745133917765,1,0.8898836374282837,1,0.9192905426025391,0,1,1
r0ff7a848t:raise,r0ff7a848t,raise,real,0.04010001942515373,0,0.49349807735749973,0,3.9867079808090025,1,0.558813911699211,1,0.9061655402183533,1,0.9321017265319824,0,1,0
r0ff7a848t:flux,r0ff7a848t,flux,fake,0.9827121496200562,1,0.49637435785541045,0,5.570474373133682,1,0.5613930821026695,1,0.9096248745918274,1,0.9426137208938599,0,1,1
r0ff7a848t:sd3_5,r0ff7a848t,sd3_5,fake,0.9757807850837708,1,0.5258747161160604,1,21.825318691000632,1,0.5547896237597011,1,0.9005396366119385,1,0.9553461670875549,0,1,1
r1c874ac4t:raise,r1c874ac4t,raise,real,0.000303705659462139,0,0.4961883561853662,0,5.468061390916999,1,0.5479399719769874,1,0.8902979493141174,1,0.9618259072303772,1,1,0
r1c874ac4t:flux,r1c874ac4t,flux,fake,0.9985350370407104,1,0.5048811805899024,1,10.254213365012367,1,0.5295417017302629,1,0.8582863211631775,1,0.9569127559661865,1,1,1
r1c874ac4t:sd3_5,r1c874ac4t,sd3_5,fake,0.9999552965164185,1,0.5004073154783575,1,7.790943058594194,1,0.5291749760836447,1,0.8575772643089294,1,0.7623969316482544,0,1,1
r126a22b8t:raise,r126a22b8t,raise,real,0.0048685031943023205,0,0.490096073987119,0,2.1131485862620996,1,0.5516564785798022,1,0.8959612846374512,1,0.7845818400382996,0,1,0
r126a22b8t:flux,r126a22b8t,flux,fake,0.9937159419059753,1,0.5042684989902544,1,9.916859731302065,1,0.5514004206354165,1,0.8955792784690857,1,0.861569344997406,0,1,1
r126a22b8t:sd3_5,r126a22b8t,sd3_5,fake,0.9975797533988953,1,0.49390290465352427,0,4.209629962967085,1,0.5679029950957606,1,0.9178685545921326,1,0.8840880990028381,0,1,1
r0eab8214t:raise,r0eab8214t,raise,real,0.0003629389975685626,0,0.5152414104928594,1,15.960781331394132,1,0.36771476485853016,0,0.3081497848033905,0,0.7955461740493774,0,1,0
r0eab8214t:flux,r0eab8214t,flux,fake,0.9786118865013123,1,0.5010766335140769,1,8.15945171182243,1,0.5086115806090644,1,0.8130120635032654,1,0.925162672996521,0,1,1
r0eab8214t:sd3_5,r0eab8214t,sd3_5,fake,0.9999524354934692,1,0.5020659920877779,1,8.704170423231083,1,0.5704047902063812,1,0.9208576679229736,1,0.9499019384384155,0,1,1
r162b2209t:raise,r162b2209t,raise,real,6.381233833963051e-05,0,0.4927208072970785,0,3.5586834528832667,1,0.470150631953202,0,0.7028853893280029,1,0.934858500957489,0,1,0
r162b2209t:flux,r162b2209t,flux,fake,0.9980356097221375,1,0.5011399408333393,1,8.194307122123025,1,0.5249123882076678,1,0.8491209745407104,1,0.9029169082641602,0,1,1
r162b2209t:sd3_5,r162b2209t,sd3_5,fake,0.9999557733535767,1,0.4994423390657033,0,7.259653863494377,1,0.5384355246659894,1,0.8746147751808167,1,0.7147377133369446,0,1,1
r02b7536at:raise,r02b7536at,raise,real,8.138425619108602e-05,0,0.49090004263754294,0,2.5559512473069295,1,0.41549117524799306,0,0.49613773822784424,0,0.03557061776518822,0,0,0
r02b7536at:flux,r02b7536at,flux,fake,0.9930121302604675,1,0.4989562735978107,0,6.992039106899034,1,0.5598504474742699,1,0.9075693488121033,1,0.8353188633918762,0,1,1
r02b7536at:sd3_5,r02b7536at,sd3_5,fake,0.9999016523361206,1,0.49906681912706835,0,7.0529026209770675,1,0.5616352875245987,1,0.9099439978599548,1,0.9100401401519775,0,1,1
r1bd70210t:raise,r1bd70210t,raise,real,0.000390073808375746,0,0.49748324552918216,0,6.181020191449472,1,0.565717962399318,1,0.9151778221130371,1,0.714521050453186,0,1,0
r1bd70210t:flux,r1bd70210t,flux,fake,0.9831103086471558,1,0.4976098135905224,0,6.25070670364805,1,0.20854994323795975,0,0.019120018929243088,0,0.9163467884063721,0,1,0
r1bd70210t:sd3_5,r1bd70210t,sd3_5,fake,0.9966815114021301,1,0.49741521802208527,0,6.143565174220004,1,0.5627524218586899,1,0.911403238773346,1,0.9206727743148804,0,1,1
r17b2f789t:raise,r17b2f789t,raise,real,0.00018261630611959845,0,0.5017110196981409,1,8.508729759302337,1,0.5656582807799767,1,0.9151032567024231,1,0.9415977001190186,0,1,0
r17b2f789t:flux,r17b2f789t,flux,fake,0.02715890482068062,0,0.49529064366087616,0,4.9737699658354195,1,0.5336645169323327,1,0.8660610318183899,1,0.9527646899223328,0,1,0
r17b2f789t:sd3_5,r17b2f789t,sd3_5,fake,0.999933123588562,1,0.4983143488986043,0,6.63861064355428,1,0.4542470801506486,0,0.6475255489349365,1,0.9098473787307739,0,1,0
r00b8d4a2t:raise,r00b8d4a2t,raise,real,7.44974531698972e-05,0,0.5002647887459228,1,7.71247179083518,1,0.4430552265550605,0,0.6057179570198059,1,0.9669939875602722,1,1,0
r00b8d4a2t:flux,r00b8d4a2t,flux,fake,0.9793983101844788,1,0.5224241241515567,1,19.921069464485345,1,0.5328277542287533,1,0.8645120859146118,1,0.955102264881134,0,1,1
r00b8d4a2t:sd3_5,r00b8d4a2t,sd3_5,fake,0.9998881816864014,1,0.4998201423254268,0,7.467661892522213,1,0.5019320543229739,1,0.7964233160018921,1,0.9439395666122437,0,1,1
r088dcebft:raise,r088dcebft,raise,real,0.0022164529655128717,0,0.49310532480304353,0,3.770430585157552,1,0.5650352303604635,1,0.9143213629722595,1,0.9402994513511658,0,1,0
r088dcebft:flux,r088dcebft,flux,fake,0.976403534412384,1,0.4999513095108799,0,7.539878879697166,1,0.2967612829302381,0,0.11140646040439606,0,0.9601057171821594,1,1,1
r088dcebft:sd3_5,r088dcebft,sd3_5,fake,0.9950502514839172,1,0.5020817381152982,1,8.71283989464568,1,0.3668917390659639,0,0.3051736056804657,0,0.9598361253738403,1,1,1
