expert_i,expert_j,both_wrong,jaccard_error,i_wrong_count,p_j_correct_given_i_wrong,j_correct_i_wrong_count
PROBE,PROBE,6,1.0,6,0.0,0
PROBE,FSD_calibrated,4,0.0273972602739726,6,0.3333333333333333,2
PROBE,AIDE_calibrated,4,0.037383177570093455,6,0.3333333333333333,2
PROBE,SAFE_frozen,2,0.011627906976744186,6,0.6666666666666666,4
FSD_calibrated,PROBE,4,0.0273972602739726,144,0.9722222222222222,140
FSD_calibrated,FSD_calibrated,144,1.0,144,0.0,0
FSD_calibrated,AIDE_calibrated,38,0.18009478672985782,144,0.7361111111111112,106
FSD_calibrated,SAFE_frozen,96,0.4444444444444444,144,0.3333333333333333,48
AIDE_calibrated,PROBE,4,0.037383177570093455,105,0.9619047619047619,101
AIDE_calibrated,FSD_calibrated,38,0.18009478672985782,105,0.638095238095238,67
AIDE_calibrated,AIDE_calibrated,105,1.0,105,0.0,0
AIDE_calibrated,SAFE_frozen,36,0.1518987341772152,105,0.6571428571428571,69
SAFE_frozen,PROBE,2,0.011627906976744186,168,0.9880952380952381,166
SAFE_frozen,FSD_calibrated,96,0.4444444444444444,168,0.42857142857142855,72
SAFE_frozen,AIDE_calibrated,36,0.1518987341772152,168,0.7857142857142857,132
SAFE_frozen,SAFE_frozen,168,1.0,168,0.0,0
