comparison,expert,n,n_real,n_fake,accuracy,balanced_accuracy,roc_auc,average_precision,specificity,fake_recall,false_positive_rate,false_negative_rate,tn,fp,fn,tp
raise_vs_flux,PROBE,200,100,100,0.975,0.975,0.9996,0.9996059017666479,1.0,0.95,0.0,0.05,100,0,5,95
raise_vs_flux,FSD_calibrated,200,100,100,0.555,0.555,0.6725,0.5716737097988215,0.77,0.34,0.23,0.66,77,23,66,34
raise_vs_flux,AIDE_calibrated,200,100,100,0.575,0.575,0.4842,0.46580486756696865,0.37,0.78,0.63,0.22,37,63,22,78
raise_vs_flux,SAFE_frozen,200,100,100,0.54,0.54,0.7174,0.6281120954143178,0.85,0.23,0.15,0.77,85,15,77,23
raise_vs_flux,FSD_default,200,100,100,0.51,0.51,0.6725,0.5716737097988215,0.02,1.0,0.98,0.0,2,98,0,100
raise_vs_flux,AIDE_default,200,100,100,0.565,0.565,0.4842,0.46580486756696865,0.25,0.88,0.75,0.12,25,75,12,88
raise_vs_flux,SAFE_default,200,100,100,0.565,0.565,0.7174,0.6281120954143178,0.15,0.98,0.85,0.02,15,85,2,98
raise_vs_sd3_5,PROBE,200,100,100,0.995,0.995,1.0,1.0,1.0,0.99,0.0,0.01,100,0,1,99
raise_vs_sd3_5,FSD_calibrated,200,100,100,0.61,0.61,0.7081,0.6000035077499468,0.77,0.45,0.23,0.55,77,23,55,45
raise_vs_sd3_5,AIDE_calibrated,200,100,100,0.585,0.585,0.6598,0.6370718423499653,0.37,0.8,0.63,0.2,37,63,20,80
raise_vs_sd3_5,SAFE_frozen,200,100,100,0.545,0.5449999999999999,0.6376,0.5848355038692784,0.85,0.24,0.15,0.76,85,15,76,24
raise_vs_sd3_5,FSD_default,200,100,100,0.51,0.51,0.7081,0.6000035077499468,0.02,1.0,0.98,0.0,2,98,0,100
raise_vs_sd3_5,AIDE_default,200,100,100,0.57,0.5700000000000001,0.6598,0.6370718423499653,0.25,0.89,0.75,0.11,25,75,11,89
raise_vs_sd3_5,SAFE_default,200,100,100,0.545,0.5449999999999999,0.6376,0.5848355038692784,0.15,0.94,0.85,0.06,15,85,6,94
