sample_id,final_correct,num_tools,single_evidence_stop,conflict_stop,tool_misinterpretation,potential_oversearch,potential_premature_stop,global_wrong,global_wrong_recovered
r04e7644dt:raise,1,4,0,1,0,0,0,0,0
r04e7644dt:flux,1,3,0,1,0,0,0,0,0
r04e7644dt:sd3_5,1,1,1,0,0,0,0,0,0
r1b2765ebt:raise,1,4,0,1,0,0,0,0,0
r1b2765ebt:flux,1,1,1,0,0,0,0,0,0
r1b2765ebt:sd3_5,1,1,1,0,0,0,0,0,0
r165fbf4ft:raise,0,4,0,1,0,0,0,0,0
r165fbf4ft:flux,1,1,1,0,0,0,0,0,0
r165fbf4ft:sd3_5,1,1,1,0,0,0,0,0,0
r15919202t:raise,1,4,0,1,0,0,0,0,0
r15919202t:flux,1,1,1,0,0,0,0,0,0
r15919202t:sd3_5,1,1,1,0,0,0,0,0,0
r11a7deb7t:raise,1,4,0,1,0,0,0,0,0
r11a7deb7t:flux,1,1,1,0,0,0,0,0,0
r11a7deb7t:sd3_5,1,4,0,0,0,1,0,0,0
r1c6b4a23t:raise,1,4,0,1,0,0,0,0,0
r1c6b4a23t:flux,1,3,0,1,0,0,0,0,0
r1c6b4a23t:sd3_5,1,1,1,0,0,0,0,0,0
r1639a65ct:raise,1,3,0,1,0,0,0,0,0
r1639a65ct:flux,1,1,1,0,0,0,0,0,0
r1639a65ct:sd3_5,1,1,1,0,0,0,0,0,0
r10c5fc29t:raise,1,4,0,1,0,0,0,0,0
r10c5fc29t:flux,1,1,1,0,0,0,0,0,0
r10c5fc29t:sd3_5,1,4,0,1,0,0,0,0,0
r0e04cc91t:raise,1,3,0,0,0,0,0,0,0
r0e04cc91t:flux,1,1,1,0,0,0,0,0,0
r0e04cc91t:sd3_5,1,4,0,0,0,1,0,0,0
r1567e512t:raise,1,4,0,1,0,0,0,0,0
r1567e512t:flux,1,1,1,0,0,0,0,0,0
r1567e512t:sd3_5,1,4,0,1,0,0,0,0,0
r1ef15cb3t:raise,1,3,0,1,0,0,0,0,0
r1ef15cb3t:flux,1,1,1,0,0,0,0,0,0
r1ef15cb3t:sd3_5,1,3,0,0,0,0,0,0,0
r07c47354t:raise,1,4,0,1,0,0,0,0,0
r07c47354t:flux,1,1,1,0,0,0,0,0,0
r07c47354t:sd3_5,1,1,1,0,0,0,0,0,0
r0fa077bet:raise,1,1,1,0,0,0,0,0,0
r0fa077bet:flux,1,1,1,0,0,0,0,0,0
r0fa077bet:sd3_5,1,4,0,1,0,0,0,0,0
r000da54ft:raise,1,3,0,1,0,0,0,0,0
r000da54ft:flux,0,4,0,0,0,0,0,1,0
r000da54ft:sd3_5,1,1,1,0,0,0,0,0,0
r18d72ab2t:raise,1,4,0,1,0,0,0,0,0
r18d72ab2t:flux,1,1,1,0,0,0,0,0,0
r18d72ab2t:sd3_5,1,4,0,1,0,0,0,0,0
r08996953t:raise,1,4,0,1,0,0,0,0,0
r08996953t:flux,1,4,0,0,0,1,0,0,0
r08996953t:sd3_5,1,1,1,0,0,0,0,0,0
r170632f5t:raise,1,4,0,1,0,0,0,0,0
r170632f5t:flux,1,4,0,1,0,0,0,0,0
r170632f5t:sd3_5,1,3,0,0,0,0,0,0,0
r00b3931bt:raise,1,3,0,1,0,0,0,0,0
r00b3931bt:flux,1,3,0,0,0,0,0,0,0
r00b3931bt:sd3_5,1,1,1,0,0,0,0,0,0
r1ee6f90et:raise,1,1,1,0,0,0,0,0,0
r1ee6f90et:flux,1,1,1,0,0,0,0,0,0
r1ee6f90et:sd3_5,1,1,1,0,0,0,0,0,0
r1023c21et:raise,1,3,0,1,0,0,0,0,0
r1023c21et:flux,1,1,1,0,0,0,0,0,0
r1023c21et:sd3_5,1,1,1,0,0,0,0,0,0
r1b790721t:raise,1,1,1,0,0,0,0,0,0
r1b790721t:flux,1,4,0,1,0,0,0,0,0
r1b790721t:sd3_5,1,3,0,0,0,0,0,0,0
r05839451t:raise,1,3,0,1,0,0,0,0,0
r05839451t:flux,1,4,0,1,0,0,0,0,0
r05839451t:sd3_5,1,1,1,0,0,0,0,0,0
r001d260dt:raise,1,3,0,1,0,0,0,0,0
r001d260dt:flux,1,3,0,0,0,0,0,0,0
r001d260dt:sd3_5,1,4,0,1,0,0,0,0,0
r13934dc7t:raise,1,3,0,0,0,0,0,0,0
r13934dc7t:flux,1,3,0,0,0,0,0,0,0
r13934dc7t:sd3_5,1,3,0,0,0,0,0,0,0
r0fd69c12t:raise,1,3,0,0,0,0,0,0,0
r0fd69c12t:flux,1,3,0,0,0,0,0,0,0
r0fd69c12t:sd3_5,1,3,0,0,0,0,0,0,0
r1b61c7b1t:raise,0,3,0,1,0,0,0,0,0
r1b61c7b1t:flux,1,1,1,0,0,0,0,0,0
r1b61c7b1t:sd3_5,1,1,1,0,0,0,0,0,0
r0cea5432t:raise,1,4,0,1,0,0,0,0,0
r0cea5432t:flux,1,3,0,1,0,0,0,1,1
r0cea5432t:sd3_5,1,4,0,1,0,0,0,0,0
r0527f7e6t:raise,1,4,0,1,0,0,0,0,0
r0527f7e6t:flux,1,1,1,0,0,0,0,0,0
r0527f7e6t:sd3_5,1,1,1,0,0,0,0,0,0
r07df029bt:raise,1,1,1,0,0,0,0,0,0
r07df029bt:flux,1,1,1,0,0,0,0,0,0
r07df029bt:sd3_5,1,3,0,0,0,0,0,0,0
r1b106abdt:raise,1,4,0,1,0,0,0,0,0
r1b106abdt:flux,1,1,1,0,0,0,0,0,0
r1b106abdt:sd3_5,1,4,0,1,0,0,0,0,0
r08307e1at:raise,1,3,0,1,0,0,0,0,0
r08307e1at:flux,1,3,0,0,0,0,0,0,0
r08307e1at:sd3_5,1,4,0,1,0,0,0,0,0
r191488c6t:raise,0,4,0,1,0,0,0,0,0
r191488c6t:flux,1,1,1,0,0,0,0,0,0
r191488c6t:sd3_5,1,3,0,0,0,0,0,0,0
r0fe270aet:raise,1,4,0,1,0,0,0,0,0
r0fe270aet:flux,1,3,0,0,0,0,0,0,0
r0fe270aet:sd3_5,1,1,1,0,0,0,0,0,0
r1644d874t:raise,1,4,0,1,0,0,0,0,0
r1644d874t:flux,1,1,1,0,0,0,0,0,0
r1644d874t:sd3_5,1,1,1,0,0,0,0,0,0
r16509308t:raise,1,4,0,1,0,0,0,0,0
r16509308t:flux,1,1,1,0,0,0,0,0,0
r16509308t:sd3_5,1,1,1,0,0,0,0,0,0
r164c1e13t:raise,1,2,0,0,0,0,0,0,0
r164c1e13t:flux,1,1,1,0,0,0,0,0,0
r164c1e13t:sd3_5,1,1,1,0,0,0,0,0,0
r15c91802t:raise,1,4,0,1,0,0,0,0,0
r15c91802t:flux,1,1,1,0,0,0,0,0,0
r15c91802t:sd3_5,1,1,1,0,0,0,0,0,0
r141669e5t:raise,1,4,0,1,0,0,0,0,0
r141669e5t:flux,1,1,1,0,0,0,0,0,0
r141669e5t:sd3_5,1,1,1,0,0,0,0,0,0
r133bb357t:raise,1,4,0,1,0,0,0,0,0
r133bb357t:flux,0,4,0,1,0,0,0,0,0
r133bb357t:sd3_5,1,1,1,0,0,0,0,0,0
r1df374c1t:raise,1,3,0,1,0,0,0,0,0
r1df374c1t:flux,1,2,0,0,0,0,0,0,0
r1df374c1t:sd3_5,1,1,1,0,0,0,0,0,0
r019eb1cbt:raise,1,3,0,0,0,0,0,0,0
r019eb1cbt:flux,1,3,0,0,0,0,0,0,0
r019eb1cbt:sd3_5,1,1,1,0,0,0,0,0,0
r0db011b4t:raise,1,4,0,1,0,0,0,0,0
r0db011b4t:flux,1,1,1,0,0,0,0,0,0
r0db011b4t:sd3_5,1,3,0,0,0,0,0,0,0
r09a60f63t:raise,1,4,0,1,0,0,0,0,0
r09a60f63t:flux,1,4,0,1,0,0,0,0,0
r09a60f63t:sd3_5,1,4,0,1,0,0,0,0,0
r1c99500bt:raise,1,4,0,1,0,0,0,0,0
r1c99500bt:flux,1,3,0,1,0,0,0,0,0
r1c99500bt:sd3_5,1,4,0,1,0,0,0,0,0
r0ab86ea2t:raise,1,3,0,1,0,0,0,0,0
r0ab86ea2t:flux,1,3,0,0,0,0,0,0,0
r0ab86ea2t:sd3_5,1,4,0,1,0,0,0,0,0
r12cf98bet:raise,1,4,0,1,0,0,0,0,0
r12cf98bet:flux,1,1,1,0,0,0,0,0,0
r12cf98bet:sd3_5,1,1,1,0,0,0,0,0,0
r0a776764t:raise,1,3,0,0,0,0,0,0,0
r0a776764t:flux,1,1,1,0,0,0,0,0,0
r0a776764t:sd3_5,1,4,0,0,0,1,0,0,0
r072649fdt:raise,1,4,0,1,0,0,0,0,0
r072649fdt:flux,1,4,0,0,0,1,0,0,0
r072649fdt:sd3_5,1,1,1,0,0,0,0,0,0
r1882b6e6t:raise,1,4,0,1,0,0,0,0,0
r1882b6e6t:flux,0,1,1,0,0,0,1,1,0
r1882b6e6t:sd3_5,1,1,1,0,0,0,0,0,0
r1bca2388t:raise,1,4,0,1,0,0,0,0,0
r1bca2388t:flux,1,4,0,1,0,0,0,0,0
r1bca2388t:sd3_5,1,4,0,1,0,0,0,0,0
r0af5a8cct:raise,1,3,0,0,0,0,0,0,0
r0af5a8cct:flux,1,2,0,0,0,0,0,0,0
r0af5a8cct:sd3_5,1,3,0,0,0,0,0,0,0
r07e242b7t:raise,1,4,0,1,0,0,0,0,0
r07e242b7t:flux,1,4,0,1,0,0,0,0,0
r07e242b7t:sd3_5,1,1,1,0,0,0,0,0,0
r0149a21ct:raise,1,4,0,1,0,0,0,0,0
r0149a21ct:flux,1,3,0,0,0,0,0,0,0
r0149a21ct:sd3_5,0,4,0,1,0,0,0,0,0
r1e9ae164t:raise,1,4,0,1,0,0,0,0,0
r1e9ae164t:flux,1,4,0,1,0,0,0,0,0
r1e9ae164t:sd3_5,1,1,1,0,0,0,0,0,0
r017904f0t:raise,1,3,0,1,0,0,0,0,0
r017904f0t:flux,1,1,1,0,0,0,0,0,0
r017904f0t:sd3_5,1,4,0,1,0,0,0,0,0
r102b4aa4t:raise,1,3,0,1,0,0,0,0,0
r102b4aa4t:flux,1,1,1,0,0,0,0,0,0
r102b4aa4t:sd3_5,1,4,0,1,0,0,0,0,0
r0ed16e26t:raise,1,3,0,1,0,0,0,0,0
r0ed16e26t:flux,1,2,0,0,0,0,0,0,0
r0ed16e26t:sd3_5,1,3,0,0,0,0,0,0,0
r1bc23d6et:raise,1,4,0,1,0,0,0,0,0
r1bc23d6et:flux,1,1,1,0,0,0,0,0,0
r1bc23d6et:sd3_5,1,4,0,0,0,1,0,0,0
r03cef811t:raise,1,4,0,1,0,0,0,0,0
r03cef811t:flux,1,1,1,0,0,0,0,0,0
r03cef811t:sd3_5,1,3,0,0,0,0,0,0,0
r1efcf847t:raise,1,3,0,0,0,0,0,0,0
r1efcf847t:flux,1,4,0,1,0,0,0,0,0
r1efcf847t:sd3_5,1,1,1,0,0,0,0,0,0
r1e8e493ct:raise,1,4,0,1,0,0,0,0,0
r1e8e493ct:flux,1,3,0,0,0,0,0,0,0
r1e8e493ct:sd3_5,1,1,1,0,0,0,0,0,0
r108ba35et:raise,1,3,0,0,0,0,0,0,0
r108ba35et:flux,1,3,0,0,0,0,0,0,0
r108ba35et:sd3_5,1,4,0,1,0,0,0,0,0
r1ea13eb4t:raise,1,4,0,1,0,0,0,0,0
r1ea13eb4t:flux,1,1,1,0,0,0,0,0,0
r1ea13eb4t:sd3_5,1,2,0,0,0,0,0,0,0
r082626aft:raise,1,3,0,1,0,0,0,0,0
r082626aft:flux,1,1,1,0,0,0,0,0,0
r082626aft:sd3_5,1,4,0,1,0,0,0,0,0
r0c6cf00bt:raise,1,4,0,1,0,0,0,0,0
r0c6cf00bt:flux,1,3,0,1,0,0,0,0,0
r0c6cf00bt:sd3_5,1,1,1,0,0,0,0,0,0
r096982ddt:raise,0,4,0,1,0,0,0,0,0
r096982ddt:flux,1,1,1,0,0,0,0,0,0
r096982ddt:sd3_5,1,4,0,1,0,0,0,0,0
r0d0ff43at:raise,0,4,0,1,0,0,0,1,0
r0d0ff43at:flux,1,1,1,0,0,0,0,0,0
r0d0ff43at:sd3_5,1,3,0,0,0,0,0,0,0
r00c0995ft:raise,1,4,0,1,0,0,0,0,0
r00c0995ft:flux,1,2,0,0,0,0,0,0,0
r00c0995ft:sd3_5,1,1,1,0,0,0,0,0,0
r198ae140t:raise,1,3,0,1,0,0,0,0,0
r198ae140t:flux,1,1,1,0,0,0,0,0,0
r198ae140t:sd3_5,1,1,1,0,0,0,0,0,0
r1a499b96t:raise,0,4,0,1,0,0,0,0,0
r1a499b96t:flux,1,1,1,0,0,0,0,0,0
r1a499b96t:sd3_5,1,3,0,0,0,0,0,0,0
r0a8b59bbt:raise,1,4,0,1,0,0,0,0,0
r0a8b59bbt:flux,1,1,1,0,0,0,0,0,0
r0a8b59bbt:sd3_5,1,1,1,0,0,0,0,0,0
r170b020bt:raise,1,3,0,1,0,0,0,0,0
r170b020bt:flux,1,1,1,0,0,0,0,0,0
r170b020bt:sd3_5,1,1,1,0,0,0,0,0,0
r15f16465t:raise,1,3,0,1,0,0,0,0,0
r15f16465t:flux,1,1,1,0,0,0,0,0,0
r15f16465t:sd3_5,1,1,1,0,0,0,0,0,0
r1cc04f4ft:raise,1,3,0,1,0,0,0,0,0
r1cc04f4ft:flux,1,1,1,0,0,0,0,0,0
r1cc04f4ft:sd3_5,1,3,0,0,0,0,0,0,0
r06b161adt:raise,1,4,0,1,0,0,0,0,0
r06b161adt:flux,1,3,0,1,0,0,0,0,0
r06b161adt:sd3_5,1,4,0,0,0,1,0,0,0
r155fe1fat:raise,1,4,0,1,0,0,0,0,0
r155fe1fat:flux,1,2,0,0,0,0,0,0,0
r155fe1fat:sd3_5,1,4,0,0,0,1,0,0,0
r14bfe6f4t:raise,1,4,0,1,0,0,0,0,0
r14bfe6f4t:flux,1,1,1,0,0,0,0,0,0
r14bfe6f4t:sd3_5,1,1,1,0,0,0,0,0,0
r14289905t:raise,1,3,0,1,0,0,0,0,0
r14289905t:flux,1,1,1,0,0,0,0,0,0
r14289905t:sd3_5,1,1,1,0,0,0,0,0,0
r02f5c155t:raise,0,3,0,1,0,0,0,0,0
r02f5c155t:flux,1,3,0,0,0,0,0,0,0
r02f5c155t:sd3_5,1,1,1,0,0,0,0,0,0
r0d1dd61ft:raise,1,4,0,1,0,0,0,0,0
r0d1dd61ft:flux,1,1,1,0,0,0,0,0,0
r0d1dd61ft:sd3_5,1,4,0,1,0,0,0,0,0
r17754c77t:raise,1,3,0,0,0,0,0,0,0
r17754c77t:flux,1,1,1,0,0,0,0,0,0
r17754c77t:sd3_5,1,1,1,0,0,0,0,0,0
r1d1d501et:raise,1,4,0,1,0,0,0,0,0
r1d1d501et:flux,1,1,1,0,0,0,0,0,0
r1d1d501et:sd3_5,1,1,1,0,0,0,0,0,0
r12638c95t:raise,1,4,0,1,0,0,0,0,0
r12638c95t:flux,1,1,1,0,0,0,0,0,0
r12638c95t:sd3_5,1,4,0,1,0,0,0,0,0
r072d955bt:raise,1,1,1,0,0,0,0,0,0
r072d955bt:flux,1,4,0,1,0,0,0,0,0
r072d955bt:sd3_5,0,4,0,1,0,0,0,0,0
r1986e42bt:raise,1,4,0,1,0,0,0,0,0
r1986e42bt:flux,1,4,0,1,0,0,0,0,0
r1986e42bt:sd3_5,1,1,1,0,0,0,0,0,0
r123ca9b3t:raise,1,1,1,0,0,0,0,0,0
r123ca9b3t:flux,1,1,1,0,0,0,0,0,0
r123ca9b3t:sd3_5,1,3,0,0,0,0,0,0,0
r1db1c478t:raise,0,4,0,1,0,0,0,0,0
r1db1c478t:flux,1,1,1,0,0,0,0,0,0
r1db1c478t:sd3_5,1,4,0,1,0,0,0,0,0
r11850456t:raise,1,4,0,1,0,0,0,0,0
r11850456t:flux,1,3,0,1,0,0,0,0,0
r11850456t:sd3_5,1,2,0,0,0,0,0,0,0
r0f4ece9bt:raise,1,4,0,1,0,0,0,0,0
r0f4ece9bt:flux,1,1,1,0,0,0,0,0,0
r0f4ece9bt:sd3_5,1,1,1,0,0,0,0,0,0
r1f11809bt:raise,1,4,0,1,0,0,0,0,0
r1f11809bt:flux,1,4,0,1,0,0,0,0,0
r1f11809bt:sd3_5,1,4,0,1,0,0,0,0,0
r18d1abact:raise,0,4,0,1,0,0,0,0,0
r18d1abact:flux,1,1,1,0,0,0,0,0,0
r18d1abact:sd3_5,1,1,1,0,0,0,0,0,0
r0676c50at:raise,1,4,0,1,0,0,0,0,0
r0676c50at:flux,1,1,1,0,0,0,0,0,0
r0676c50at:sd3_5,1,1,1,0,0,0,0,0,0
r1ab0bb20t:raise,1,4,0,1,0,0,0,0,0
r1ab0bb20t:flux,1,3,0,0,0,0,0,0,0
r1ab0bb20t:sd3_5,1,3,0,0,0,0,0,0,0
r06aa7dabt:raise,1,4,0,1,0,0,0,0,0
r06aa7dabt:flux,1,1,1,0,0,0,0,0,0
r06aa7dabt:sd3_5,1,1,1,0,0,0,0,0,0
r129f09b4t:raise,1,4,0,1,0,0,0,0,0
r129f09b4t:flux,1,3,0,0,0,0,0,0,0
r129f09b4t:sd3_5,1,2,0,0,0,0,0,0,0
r0e63ca9ft:raise,1,4,0,1,0,0,0,0,0
r0e63ca9ft:flux,1,2,0,0,0,0,0,0,0
r0e63ca9ft:sd3_5,0,4,0,1,0,0,0,0,0
r08873591t:raise,1,3,0,1,0,0,0,0,0
r08873591t:flux,1,3,0,0,0,0,0,0,0
r08873591t:sd3_5,1,4,0,1,0,0,0,0,0
r197770adt:raise,1,3,0,0,0,0,0,0,0
r197770adt:flux,1,1,1,0,0,0,0,0,0
r197770adt:sd3_5,1,1,1,0,0,0,0,0,0
r03995a8ct:raise,1,1,1,0,0,0,0,0,0
r03995a8ct:flux,1,1,1,0,0,0,0,0,0
r03995a8ct:sd3_5,1,4,0,1,0,0,0,0,0
r12c64de9t:raise,1,4,0,1,0,0,0,0,0
r12c64de9t:flux,1,4,0,1,0,0,0,0,0
r12c64de9t:sd3_5,1,1,1,0,0,0,0,0,0
