system,sample_id,ground_truth,generator,final_verdict,correct,parse_error
B0_image_only,r04e7644dt:raise,real,raise,real,1,
B0_image_only,r04e7644dt:flux,fake,flux,real,0,
B0_image_only,r04e7644dt:sd3_5,fake,sd3_5,real,0,
B0_image_only,r1b2765ebt:raise,real,raise,real,1,
B0_image_only,r1b2765ebt:flux,fake,flux,real,0,
B0_image_only,r1b2765ebt:sd3_5,fake,sd3_5,real,0,
B0_image_only,r165fbf4ft:raise,real,raise,real,1,
B0_image_only,r165fbf4ft:flux,fake,flux,real,0,
B0_image_only,r165fbf4ft:sd3_5,fake,sd3_5,real,0,
B0_image_only,r15919202t:raise,real,raise,real,1,
B0_image_only,r15919202t:flux,fake,flux,fake,1,
B0_image_only,r15919202t:sd3_5,fake,sd3_5,real,0,
B0_image_only,r11a7deb7t:raise,real,raise,real,1,
B0_image_only,r11a7deb7t:flux,fake,flux,real,0,
B0_image_only,r11a7deb7t:sd3_5,fake,sd3_5,real,0,
B0_image_only,r1c6b4a23t:raise,real,raise,real,1,
B0_image_only,r1c6b4a23t:flux,fake,flux,real,0,
B0_image_only,r1c6b4a23t:sd3_5,fake,sd3_5,real,0,
B0_image_only,r1639a65ct:raise,real,raise,real,1,
B0_image_only,r1639a65ct:flux,fake,flux,fake,1,
B0_image_only,r1639a65ct:sd3_5,fake,sd3_5,fake,1,
B0_image_only,r10c5fc29t:raise,real,raise,real,1,
B0_image_only,r10c5fc29t:flux,fake,flux,real,0,
B0_image_only,r10c5fc29t:sd3_5,fake,sd3_5,fake,1,
B0_image_only,r0e04cc91t:raise,real,raise,real,1,
B0_image_only,r0e04cc91t:flux,fake,flux,fake,1,
B0_image_only,r0e04cc91t:sd3_5,fake,sd3_5,fake,1,
B0_image_only,r1567e512t:raise,real,raise,real,1,
B0_image_only,r1567e512t:flux,fake,flux,fake,1,
B0_image_only,r1567e512t:sd3_5,fake,sd3_5,fake,1,
B0_image_only,r1ef15cb3t:raise,real,raise,real,1,
B0_image_only,r1ef15cb3t:flux,fake,flux,fake,1,
B0_image_only,r1ef15cb3t:sd3_5,fake,sd3_5,fake,1,
B0_image_only,r07c47354t:raise,real,raise,real,1,
B0_image_only,r07c47354t:flux,fake,flux,real,0,
B0_image_only,r07c47354t:sd3_5,fake,sd3_5,real,0,
B0_image_only,r0fa077bet:raise,real,raise,real,1,
B0_image_only,r0fa077bet:flux,fake,flux,fake,1,
B0_image_only,r0fa077bet:sd3_5,fake,sd3_5,fake,1,
B0_image_only,r000da54ft:raise,real,raise,real,1,
B0_image_only,r000da54ft:flux,fake,flux,fake,1,
B0_image_only,r000da54ft:sd3_5,fake,sd3_5,real,0,
B0_image_only,r18d72ab2t:raise,real,raise,real,1,
B0_image_only,r18d72ab2t:flux,fake,flux,real,0,
B0_image_only,r18d72ab2t:sd3_5,fake,sd3_5,real,0,
B0_image_only,r08996953t:raise,real,raise,real,1,
B0_image_only,r08996953t:flux,fake,flux,real,0,
B0_image_only,r08996953t:sd3_5,fake,sd3_5,real,0,
B0_image_only,r170632f5t:raise,real,raise,real,1,
B0_image_only,r170632f5t:flux,fake,flux,fake,1,
B0_image_only,r170632f5t:sd3_5,fake,sd3_5,fake,1,
B0_image_only,r00b3931bt:raise,real,raise,real,1,
B0_image_only,r00b3931bt:flux,fake,flux,real,0,
B0_image_only,r00b3931bt:sd3_5,fake,sd3_5,real,0,
B0_image_only,r1ee6f90et:raise,real,raise,real,1,
B0_image_only,r1ee6f90et:flux,fake,flux,fake,1,
B0_image_only,r1ee6f90et:sd3_5,fake,sd3_5,real,0,
B0_image_only,r1023c21et:raise,real,raise,real,1,
B0_image_only,r1023c21et:flux,fake,flux,fake,1,
B0_image_only,r1023c21et:sd3_5,fake,sd3_5,real,0,
B0_image_only,r1b790721t:raise,real,raise,real,1,
B0_image_only,r1b790721t:flux,fake,flux,real,0,
B0_image_only,r1b790721t:sd3_5,fake,sd3_5,real,0,
B0_image_only,r05839451t:raise,real,raise,real,1,
B0_image_only,r05839451t:flux,fake,flux,fake,1,
B0_image_only,r05839451t:sd3_5,fake,sd3_5,fake,1,
B0_image_only,r001d260dt:raise,real,raise,real,1,
B0_image_only,r001d260dt:flux,fake,flux,real,0,
B0_image_only,r001d260dt:sd3_5,fake,sd3_5,real,0,
B0_image_only,r13934dc7t:raise,real,raise,real,1,
B0_image_only,r13934dc7t:flux,fake,flux,fake,1,
B0_image_only,r13934dc7t:sd3_5,fake,sd3_5,fake,1,
B0_image_only,r0fd69c12t:raise,real,raise,real,1,
B0_image_only,r0fd69c12t:flux,fake,flux,real,0,
B0_image_only,r0fd69c12t:sd3_5,fake,sd3_5,real,0,
B0_image_only,r1b61c7b1t:raise,real,raise,real,1,
B0_image_only,r1b61c7b1t:flux,fake,flux,real,0,
B0_image_only,r1b61c7b1t:sd3_5,fake,sd3_5,fake,1,
B0_image_only,r0cea5432t:raise,real,raise,real,1,
B0_image_only,r0cea5432t:flux,fake,flux,real,0,
B0_image_only,r0cea5432t:sd3_5,fake,sd3_5,real,0,
B0_image_only,r0527f7e6t:raise,real,raise,real,1,
B0_image_only,r0527f7e6t:flux,fake,flux,fake,1,
B0_image_only,r0527f7e6t:sd3_5,fake,sd3_5,real,0,
B0_image_only,r07df029bt:raise,real,raise,real,1,
B0_image_only,r07df029bt:flux,fake,flux,real,0,
B0_image_only,r07df029bt:sd3_5,fake,sd3_5,real,0,
B0_image_only,r1b106abdt:raise,real,raise,real,1,
B0_image_only,r1b106abdt:flux,fake,flux,fake,1,
B0_image_only,r1b106abdt:sd3_5,fake,sd3_5,real,0,
B0_image_only,r08307e1at:raise,real,raise,real,1,
B0_image_only,r08307e1at:flux,fake,flux,fake,1,
B0_image_only,r08307e1at:sd3_5,fake,sd3_5,real,0,
B0_image_only,r191488c6t:raise,real,raise,real,1,
B0_image_only,r191488c6t:flux,fake,flux,real,0,
B0_image_only,r191488c6t:sd3_5,fake,sd3_5,fake,1,
B0_image_only,r0fe270aet:raise,real,raise,real,1,
B0_image_only,r0fe270aet:flux,fake,flux,fake,1,
B0_image_only,r0fe270aet:sd3_5,fake,sd3_5,real,0,
B0_image_only,r1644d874t:raise,real,raise,real,1,
B0_image_only,r1644d874t:flux,fake,flux,fake,1,
B0_image_only,r1644d874t:sd3_5,fake,sd3_5,fake,1,
B0_image_only,r16509308t:raise,real,raise,real,1,
B0_image_only,r16509308t:flux,fake,flux,real,0,
B0_image_only,r16509308t:sd3_5,fake,sd3_5,real,0,
B0_image_only,r164c1e13t:raise,real,raise,real,1,
B0_image_only,r164c1e13t:flux,fake,flux,fake,1,
B0_image_only,r164c1e13t:sd3_5,fake,sd3_5,real,0,
B0_image_only,r15c91802t:raise,real,raise,real,1,
B0_image_only,r15c91802t:flux,fake,flux,fake,1,
B0_image_only,r15c91802t:sd3_5,fake,sd3_5,real,0,
B0_image_only,r141669e5t:raise,real,raise,real,1,
B0_image_only,r141669e5t:flux,fake,flux,fake,1,
B0_image_only,r141669e5t:sd3_5,fake,sd3_5,fake,1,
B0_image_only,r133bb357t:raise,real,raise,real,1,
B0_image_only,r133bb357t:flux,fake,flux,fake,1,
B0_image_only,r133bb357t:sd3_5,fake,sd3_5,fake,1,
B0_image_only,r1df374c1t:raise,real,raise,real,1,
B0_image_only,r1df374c1t:flux,fake,flux,fake,1,
B0_image_only,r1df374c1t:sd3_5,fake,sd3_5,real,0,
B0_image_only,r019eb1cbt:raise,real,raise,real,1,
B0_image_only,r019eb1cbt:flux,fake,flux,real,0,
B0_image_only,r019eb1cbt:sd3_5,fake,sd3_5,fake,1,
B0_image_only,r0db011b4t:raise,real,raise,real,1,
B0_image_only,r0db011b4t:flux,fake,flux,real,0,
B0_image_only,r0db011b4t:sd3_5,fake,sd3_5,real,0,
B0_image_only,r09a60f63t:raise,real,raise,real,1,
B0_image_only,r09a60f63t:flux,fake,flux,real,0,
B0_image_only,r09a60f63t:sd3_5,fake,sd3_5,real,0,
B0_image_only,r1c99500bt:raise,real,raise,real,1,
B0_image_only,r1c99500bt:flux,fake,flux,real,0,
B0_image_only,r1c99500bt:sd3_5,fake,sd3_5,real,0,
B0_image_only,r0ab86ea2t:raise,real,raise,real,1,
B0_image_only,r0ab86ea2t:flux,fake,flux,fake,1,
B0_image_only,r0ab86ea2t:sd3_5,fake,sd3_5,real,0,
B0_image_only,r12cf98bet:raise,real,raise,real,1,
B0_image_only,r12cf98bet:flux,fake,flux,fake,1,
B0_image_only,r12cf98bet:sd3_5,fake,sd3_5,real,0,
B0_image_only,r0a776764t:raise,real,raise,real,1,
B0_image_only,r0a776764t:flux,fake,flux,fake,1,
B0_image_only,r0a776764t:sd3_5,fake,sd3_5,fake,1,
B0_image_only,r072649fdt:raise,real,raise,real,1,
B0_image_only,r072649fdt:flux,fake,flux,real,0,
B0_image_only,r072649fdt:sd3_5,fake,sd3_5,real,0,
B0_image_only,r1882b6e6t:raise,real,raise,real,1,
B0_image_only,r1882b6e6t:flux,fake,flux,fake,1,
B0_image_only,r1882b6e6t:sd3_5,fake,sd3_5,fake,1,
B0_image_only,r1bca2388t:raise,real,raise,real,1,
B0_image_only,r1bca2388t:flux,fake,flux,real,0,
B0_image_only,r1bca2388t:sd3_5,fake,sd3_5,real,0,
B0_image_only,r0af5a8cct:raise,real,raise,real,1,
B0_image_only,r0af5a8cct:flux,fake,flux,real,0,
B0_image_only,r0af5a8cct:sd3_5,fake,sd3_5,fake,1,
B0_image_only,r07e242b7t:raise,real,raise,real,1,
B0_image_only,r07e242b7t:flux,fake,flux,fake,1,
B0_image_only,r07e242b7t:sd3_5,fake,sd3_5,real,0,
B0_image_only,r0149a21ct:raise,real,raise,real,1,
B0_image_only,r0149a21ct:flux,fake,flux,real,0,
B0_image_only,r0149a21ct:sd3_5,fake,sd3_5,real,0,
B0_image_only,r1e9ae164t:raise,real,raise,real,1,
B0_image_only,r1e9ae164t:flux,fake,flux,fake,1,
B0_image_only,r1e9ae164t:sd3_5,fake,sd3_5,fake,1,
B0_image_only,r017904f0t:raise,real,raise,real,1,
B0_image_only,r017904f0t:flux,fake,flux,real,0,
B0_image_only,r017904f0t:sd3_5,fake,sd3_5,real,0,
B0_image_only,r102b4aa4t:raise,real,raise,real,1,
B0_image_only,r102b4aa4t:flux,fake,flux,real,0,
B0_image_only,r102b4aa4t:sd3_5,fake,sd3_5,real,0,
B0_image_only,r0ed16e26t:raise,real,raise,real,1,
B0_image_only,r0ed16e26t:flux,fake,flux,real,0,
B0_image_only,r0ed16e26t:sd3_5,fake,sd3_5,real,0,
B0_image_only,r1bc23d6et:raise,real,raise,real,1,
B0_image_only,r1bc23d6et:flux,fake,flux,real,0,
B0_image_only,r1bc23d6et:sd3_5,fake,sd3_5,real,0,
B0_image_only,r03cef811t:raise,real,raise,real,1,
B0_image_only,r03cef811t:flux,fake,flux,real,0,
B0_image_only,r03cef811t:sd3_5,fake,sd3_5,real,0,
B0_image_only,r1efcf847t:raise,real,raise,real,1,
B0_image_only,r1efcf847t:flux,fake,flux,real,0,
B0_image_only,r1efcf847t:sd3_5,fake,sd3_5,real,0,
B0_image_only,r1e8e493ct:raise,real,raise,real,1,
B0_image_only,r1e8e493ct:flux,fake,flux,fake,1,
B0_image_only,r1e8e493ct:sd3_5,fake,sd3_5,real,0,
B0_image_only,r108ba35et:raise,real,raise,real,1,
B0_image_only,r108ba35et:flux,fake,flux,real,0,
B0_image_only,r108ba35et:sd3_5,fake,sd3_5,real,0,
B0_image_only,r1ea13eb4t:raise,real,raise,real,1,
B0_image_only,r1ea13eb4t:flux,fake,flux,fake,1,
B0_image_only,r1ea13eb4t:sd3_5,fake,sd3_5,fake,1,
B0_image_only,r082626aft:raise,real,raise,real,1,
B0_image_only,r082626aft:flux,fake,flux,real,0,
B0_image_only,r082626aft:sd3_5,fake,sd3_5,fake,1,
B0_image_only,r0c6cf00bt:raise,real,raise,real,1,
B0_image_only,r0c6cf00bt:flux,fake,flux,real,0,
B0_image_only,r0c6cf00bt:sd3_5,fake,sd3_5,fake,1,
B0_image_only,r096982ddt:raise,real,raise,real,1,
B0_image_only,r096982ddt:flux,fake,flux,fake,1,
B0_image_only,r096982ddt:sd3_5,fake,sd3_5,real,0,
B0_image_only,r0d0ff43at:raise,real,raise,real,1,
B0_image_only,r0d0ff43at:flux,fake,flux,fake,1,
B0_image_only,r0d0ff43at:sd3_5,fake,sd3_5,real,0,
B0_image_only,r00c0995ft:raise,real,raise,real,1,
B0_image_only,r00c0995ft:flux,fake,flux,fake,1,
B0_image_only,r00c0995ft:sd3_5,fake,sd3_5,real,0,
B0_image_only,r198ae140t:raise,real,raise,real,1,
B0_image_only,r198ae140t:flux,fake,flux,fake,1,
B0_image_only,r198ae140t:sd3_5,fake,sd3_5,fake,1,
B0_image_only,r1a499b96t:raise,real,raise,real,1,
B0_image_only,r1a499b96t:flux,fake,flux,real,0,
B0_image_only,r1a499b96t:sd3_5,fake,sd3_5,real,0,
B0_image_only,r0a8b59bbt:raise,real,raise,real,1,
B0_image_only,r0a8b59bbt:flux,fake,flux,fake,1,
B0_image_only,r0a8b59bbt:sd3_5,fake,sd3_5,fake,1,
B0_image_only,r170b020bt:raise,real,raise,real,1,
B0_image_only,r170b020bt:flux,fake,flux,real,0,
B0_image_only,r170b020bt:sd3_5,fake,sd3_5,fake,1,
B0_image_only,r15f16465t:raise,real,raise,real,1,
B0_image_only,r15f16465t:flux,fake,flux,fake,1,
B0_image_only,r15f16465t:sd3_5,fake,sd3_5,real,0,
B0_image_only,r1cc04f4ft:raise,real,raise,real,1,
B0_image_only,r1cc04f4ft:flux,fake,flux,real,0,
B0_image_only,r1cc04f4ft:sd3_5,fake,sd3_5,fake,1,
B0_image_only,r06b161adt:raise,real,raise,real,1,
B0_image_only,r06b161adt:flux,fake,flux,real,0,
B0_image_only,r06b161adt:sd3_5,fake,sd3_5,real,0,
B0_image_only,r155fe1fat:raise,real,raise,real,1,
B0_image_only,r155fe1fat:flux,fake,flux,real,0,
B0_image_only,r155fe1fat:sd3_5,fake,sd3_5,real,0,
B0_image_only,r14bfe6f4t:raise,real,raise,real,1,
B0_image_only,r14bfe6f4t:flux,fake,flux,real,0,
B0_image_only,r14bfe6f4t:sd3_5,fake,sd3_5,real,0,
B0_image_only,r14289905t:raise,real,raise,real,1,
B0_image_only,r14289905t:flux,fake,flux,fake,1,
B0_image_only,r14289905t:sd3_5,fake,sd3_5,real,0,
B0_image_only,r02f5c155t:raise,real,raise,real,1,
B0_image_only,r02f5c155t:flux,fake,flux,real,0,
B0_image_only,r02f5c155t:sd3_5,fake,sd3_5,real,0,
B0_image_only,r0d1dd61ft:raise,real,raise,real,1,
B0_image_only,r0d1dd61ft:flux,fake,flux,real,0,
B0_image_only,r0d1dd61ft:sd3_5,fake,sd3_5,fake,1,
B0_image_only,r17754c77t:raise,real,raise,real,1,
B0_image_only,r17754c77t:flux,fake,flux,real,0,
B0_image_only,r17754c77t:sd3_5,fake,sd3_5,fake,1,
B0_image_only,r1d1d501et:raise,real,raise,real,1,
B0_image_only,r1d1d501et:flux,fake,flux,fake,1,
B0_image_only,r1d1d501et:sd3_5,fake,sd3_5,real,0,
B0_image_only,r12638c95t:raise,real,raise,real,1,
B0_image_only,r12638c95t:flux,fake,flux,real,0,
B0_image_only,r12638c95t:sd3_5,fake,sd3_5,real,0,
B0_image_only,r072d955bt:raise,real,raise,real,1,
B0_image_only,r072d955bt:flux,fake,flux,real,0,
B0_image_only,r072d955bt:sd3_5,fake,sd3_5,real,0,
B0_image_only,r1986e42bt:raise,real,raise,real,1,
B0_image_only,r1986e42bt:flux,fake,flux,real,0,
B0_image_only,r1986e42bt:sd3_5,fake,sd3_5,real,0,
B0_image_only,r123ca9b3t:raise,real,raise,real,1,
B0_image_only,r123ca9b3t:flux,fake,flux,fake,1,
B0_image_only,r123ca9b3t:sd3_5,fake,sd3_5,real,0,
B0_image_only,r1db1c478t:raise,real,raise,real,1,
B0_image_only,r1db1c478t:flux,fake,flux,fake,1,
B0_image_only,r1db1c478t:sd3_5,fake,sd3_5,real,0,
B0_image_only,r11850456t:raise,real,raise,real,1,
B0_image_only,r11850456t:flux,fake,flux,fake,1,
B0_image_only,r11850456t:sd3_5,fake,sd3_5,fake,1,
B0_image_only,r0f4ece9bt:raise,real,raise,real,1,
B0_image_only,r0f4ece9bt:flux,fake,flux,fake,1,
B0_image_only,r0f4ece9bt:sd3_5,fake,sd3_5,fake,1,
B0_image_only,r1f11809bt:raise,real,raise,real,1,
B0_image_only,r1f11809bt:flux,fake,flux,real,0,
B0_image_only,r1f11809bt:sd3_5,fake,sd3_5,real,0,
B0_image_only,r18d1abact:raise,real,raise,real,1,
B0_image_only,r18d1abact:flux,fake,flux,real,0,
B0_image_only,r18d1abact:sd3_5,fake,sd3_5,real,0,
B0_image_only,r0676c50at:raise,real,raise,real,1,
B0_image_only,r0676c50at:flux,fake,flux,fake,1,
B0_image_only,r0676c50at:sd3_5,fake,sd3_5,real,0,
B0_image_only,r1ab0bb20t:raise,real,raise,real,1,
B0_image_only,r1ab0bb20t:flux,fake,flux,fake,1,
B0_image_only,r1ab0bb20t:sd3_5,fake,sd3_5,real,0,
B0_image_only,r06aa7dabt:raise,real,raise,real,1,
B0_image_only,r06aa7dabt:flux,fake,flux,fake,1,
B0_image_only,r06aa7dabt:sd3_5,fake,sd3_5,real,0,
B0_image_only,r129f09b4t:raise,real,raise,real,1,
B0_image_only,r129f09b4t:flux,fake,flux,real,0,
B0_image_only,r129f09b4t:sd3_5,fake,sd3_5,fake,1,
B0_image_only,r0e63ca9ft:raise,real,raise,real,1,
B0_image_only,r0e63ca9ft:flux,fake,flux,fake,1,
B0_image_only,r0e63ca9ft:sd3_5,fake,sd3_5,real,0,
B0_image_only,r08873591t:raise,real,raise,real,1,
B0_image_only,r08873591t:flux,fake,flux,real,0,
B0_image_only,r08873591t:sd3_5,fake,sd3_5,fake,1,
B0_image_only,r197770adt:raise,real,raise,real,1,
B0_image_only,r197770adt:flux,fake,flux,fake,1,
B0_image_only,r197770adt:sd3_5,fake,sd3_5,real,0,
B0_image_only,r03995a8ct:raise,real,raise,real,1,
B0_image_only,r03995a8ct:flux,fake,flux,fake,1,
B0_image_only,r03995a8ct:sd3_5,fake,sd3_5,real,0,
B0_image_only,r12c64de9t:raise,real,raise,real,1,
B0_image_only,r12c64de9t:flux,fake,flux,fake,1,
B0_image_only,r12c64de9t:sd3_5,fake,sd3_5,fake,1,
B1_PROBE_only,r04e7644dt:raise,real,raise,real,1,
B1_PROBE_only,r04e7644dt:flux,fake,flux,fake,1,
B1_PROBE_only,r04e7644dt:sd3_5,fake,sd3_5,fake,1,
B1_PROBE_only,r1b2765ebt:raise,real,raise,real,1,
B1_PROBE_only,r1b2765ebt:flux,fake,flux,fake,1,
B1_PROBE_only,r1b2765ebt:sd3_5,fake,sd3_5,fake,1,
B1_PROBE_only,r165fbf4ft:raise,real,raise,real,1,
B1_PROBE_only,r165fbf4ft:flux,fake,flux,fake,1,
B1_PROBE_only,r165fbf4ft:sd3_5,fake,sd3_5,fake,1,
B1_PROBE_only,r15919202t:raise,real,raise,real,1,
B1_PROBE_only,r15919202t:flux,fake,flux,fake,1,
B1_PROBE_only,r15919202t:sd3_5,fake,sd3_5,fake,1,
B1_PROBE_only,r11a7deb7t:raise,real,raise,real,1,
B1_PROBE_only,r11a7deb7t:flux,fake,flux,fake,1,
B1_PROBE_only,r11a7deb7t:sd3_5,fake,sd3_5,fake,1,
B1_PROBE_only,r1c6b4a23t:raise,real,raise,real,1,
B1_PROBE_only,r1c6b4a23t:flux,fake,flux,fake,1,
B1_PROBE_only,r1c6b4a23t:sd3_5,fake,sd3_5,fake,1,
B1_PROBE_only,r1639a65ct:raise,real,raise,real,1,
B1_PROBE_only,r1639a65ct:flux,fake,flux,fake,1,
B1_PROBE_only,r1639a65ct:sd3_5,fake,sd3_5,fake,1,
B1_PROBE_only,r10c5fc29t:raise,real,raise,real,1,
B1_PROBE_only,r10c5fc29t:flux,fake,flux,fake,1,
B1_PROBE_only,r10c5fc29t:sd3_5,fake,sd3_5,fake,1,
B1_PROBE_only,r0e04cc91t:raise,real,raise,real,1,
B1_PROBE_only,r0e04cc91t:flux,fake,flux,fake,1,
B1_PROBE_only,r0e04cc91t:sd3_5,fake,sd3_5,fake,1,
B1_PROBE_only,r1567e512t:raise,real,raise,real,1,
B1_PROBE_only,r1567e512t:flux,fake,flux,fake,1,
B1_PROBE_only,r1567e512t:sd3_5,fake,sd3_5,fake,1,
B1_PROBE_only,r1ef15cb3t:raise,real,raise,real,1,
B1_PROBE_only,r1ef15cb3t:flux,fake,flux,fake,1,
B1_PROBE_only,r1ef15cb3t:sd3_5,fake,sd3_5,fake,1,
B1_PROBE_only,r07c47354t:raise,real,raise,real,1,
B1_PROBE_only,r07c47354t:flux,fake,flux,fake,1,
B1_PROBE_only,r07c47354t:sd3_5,fake,sd3_5,fake,1,
B1_PROBE_only,r0fa077bet:raise,real,raise,real,1,
B1_PROBE_only,r0fa077bet:flux,fake,flux,fake,1,
B1_PROBE_only,r0fa077bet:sd3_5,fake,sd3_5,fake,1,
B1_PROBE_only,r000da54ft:raise,real,raise,real,1,
B1_PROBE_only,r000da54ft:flux,fake,flux,real,0,
B1_PROBE_only,r000da54ft:sd3_5,fake,sd3_5,fake,1,
B1_PROBE_only,r18d72ab2t:raise,real,raise,real,1,
B1_PROBE_only,r18d72ab2t:flux,fake,flux,fake,1,
B1_PROBE_only,r18d72ab2t:sd3_5,fake,sd3_5,fake,1,
B1_PROBE_only,r08996953t:raise,real,raise,real,1,
B1_PROBE_only,r08996953t:flux,fake,flux,fake,1,
B1_PROBE_only,r08996953t:sd3_5,fake,sd3_5,fake,1,
B1_PROBE_only,r170632f5t:raise,real,raise,real,1,
B1_PROBE_only,r170632f5t:flux,fake,flux,fake,1,
B1_PROBE_only,r170632f5t:sd3_5,fake,sd3_5,fake,1,
B1_PROBE_only,r00b3931bt:raise,real,raise,real,1,
B1_PROBE_only,r00b3931bt:flux,fake,flux,fake,1,
B1_PROBE_only,r00b3931bt:sd3_5,fake,sd3_5,fake,1,
B1_PROBE_only,r1ee6f90et:raise,real,raise,real,1,
B1_PROBE_only,r1ee6f90et:flux,fake,flux,fake,1,
B1_PROBE_only,r1ee6f90et:sd3_5,fake,sd3_5,fake,1,
B1_PROBE_only,r1023c21et:raise,real,raise,real,1,
B1_PROBE_only,r1023c21et:flux,fake,flux,fake,1,
B1_PROBE_only,r1023c21et:sd3_5,fake,sd3_5,fake,1,
B1_PROBE_only,r1b790721t:raise,real,raise,real,1,
B1_PROBE_only,r1b790721t:flux,fake,flux,fake,1,
B1_PROBE_only,r1b790721t:sd3_5,fake,sd3_5,fake,1,
B1_PROBE_only,r05839451t:raise,real,raise,real,1,
B1_PROBE_only,r05839451t:flux,fake,flux,fake,1,
B1_PROBE_only,r05839451t:sd3_5,fake,sd3_5,fake,1,
B1_PROBE_only,r001d260dt:raise,real,raise,real,1,
B1_PROBE_only,r001d260dt:flux,fake,flux,fake,1,
B1_PROBE_only,r001d260dt:sd3_5,fake,sd3_5,fake,1,
B1_PROBE_only,r13934dc7t:raise,real,raise,real,1,
B1_PROBE_only,r13934dc7t:flux,fake,flux,fake,1,
B1_PROBE_only,r13934dc7t:sd3_5,fake,sd3_5,fake,1,
B1_PROBE_only,r0fd69c12t:raise,real,raise,real,1,
B1_PROBE_only,r0fd69c12t:flux,fake,flux,fake,1,
B1_PROBE_only,r0fd69c12t:sd3_5,fake,sd3_5,fake,1,
B1_PROBE_only,r1b61c7b1t:raise,real,raise,real,1,
B1_PROBE_only,r1b61c7b1t:flux,fake,flux,fake,1,
B1_PROBE_only,r1b61c7b1t:sd3_5,fake,sd3_5,fake,1,
B1_PROBE_only,r0cea5432t:raise,real,raise,real,1,
B1_PROBE_only,r0cea5432t:flux,fake,flux,real,0,
B1_PROBE_only,r0cea5432t:sd3_5,fake,sd3_5,fake,1,
B1_PROBE_only,r0527f7e6t:raise,real,raise,real,1,
B1_PROBE_only,r0527f7e6t:flux,fake,flux,fake,1,
B1_PROBE_only,r0527f7e6t:sd3_5,fake,sd3_5,fake,1,
B1_PROBE_only,r07df029bt:raise,real,raise,real,1,
B1_PROBE_only,r07df029bt:flux,fake,flux,fake,1,
B1_PROBE_only,r07df029bt:sd3_5,fake,sd3_5,fake,1,
B1_PROBE_only,r1b106abdt:raise,real,raise,real,1,
B1_PROBE_only,r1b106abdt:flux,fake,flux,fake,1,
B1_PROBE_only,r1b106abdt:sd3_5,fake,sd3_5,fake,1,
B1_PROBE_only,r08307e1at:raise,real,raise,real,1,
B1_PROBE_only,r08307e1at:flux,fake,flux,fake,1,
B1_PROBE_only,r08307e1at:sd3_5,fake,sd3_5,fake,1,
B1_PROBE_only,r191488c6t:raise,real,raise,real,1,
B1_PROBE_only,r191488c6t:flux,fake,flux,fake,1,
B1_PROBE_only,r191488c6t:sd3_5,fake,sd3_5,fake,1,
B1_PROBE_only,r0fe270aet:raise,real,raise,real,1,
B1_PROBE_only,r0fe270aet:flux,fake,flux,fake,1,
B1_PROBE_only,r0fe270aet:sd3_5,fake,sd3_5,fake,1,
B1_PROBE_only,r1644d874t:raise,real,raise,real,1,
B1_PROBE_only,r1644d874t:flux,fake,flux,fake,1,
B1_PROBE_only,r1644d874t:sd3_5,fake,sd3_5,fake,1,
B1_PROBE_only,r16509308t:raise,real,raise,real,1,
B1_PROBE_only,r16509308t:flux,fake,flux,fake,1,
B1_PROBE_only,r16509308t:sd3_5,fake,sd3_5,fake,1,
B1_PROBE_only,r164c1e13t:raise,real,raise,real,1,
B1_PROBE_only,r164c1e13t:flux,fake,flux,fake,1,
B1_PROBE_only,r164c1e13t:sd3_5,fake,sd3_5,fake,1,
B1_PROBE_only,r15c91802t:raise,real,raise,real,1,
B1_PROBE_only,r15c91802t:flux,fake,flux,fake,1,
B1_PROBE_only,r15c91802t:sd3_5,fake,sd3_5,fake,1,
B1_PROBE_only,r141669e5t:raise,real,raise,real,1,
B1_PROBE_only,r141669e5t:flux,fake,flux,fake,1,
B1_PROBE_only,r141669e5t:sd3_5,fake,sd3_5,fake,1,
B1_PROBE_only,r133bb357t:raise,real,raise,real,1,
B1_PROBE_only,r133bb357t:flux,fake,flux,fake,1,
B1_PROBE_only,r133bb357t:sd3_5,fake,sd3_5,fake,1,
B1_PROBE_only,r1df374c1t:raise,real,raise,real,1,
B1_PROBE_only,r1df374c1t:flux,fake,flux,fake,1,
B1_PROBE_only,r1df374c1t:sd3_5,fake,sd3_5,fake,1,
B1_PROBE_only,r019eb1cbt:raise,real,raise,real,1,
B1_PROBE_only,r019eb1cbt:flux,fake,flux,fake,1,
B1_PROBE_only,r019eb1cbt:sd3_5,fake,sd3_5,fake,1,
B1_PROBE_only,r0db011b4t:raise,real,raise,real,1,
B1_PROBE_only,r0db011b4t:flux,fake,flux,fake,1,
B1_PROBE_only,r0db011b4t:sd3_5,fake,sd3_5,fake,1,
B1_PROBE_only,r09a60f63t:raise,real,raise,real,1,
B1_PROBE_only,r09a60f63t:flux,fake,flux,fake,1,
B1_PROBE_only,r09a60f63t:sd3_5,fake,sd3_5,fake,1,
B1_PROBE_only,r1c99500bt:raise,real,raise,real,1,
B1_PROBE_only,r1c99500bt:flux,fake,flux,fake,1,
B1_PROBE_only,r1c99500bt:sd3_5,fake,sd3_5,fake,1,
B1_PROBE_only,r0ab86ea2t:raise,real,raise,real,1,
B1_PROBE_only,r0ab86ea2t:flux,fake,flux,fake,1,
B1_PROBE_only,r0ab86ea2t:sd3_5,fake,sd3_5,fake,1,
B1_PROBE_only,r12cf98bet:raise,real,raise,real,1,
B1_PROBE_only,r12cf98bet:flux,fake,flux,fake,1,
B1_PROBE_only,r12cf98bet:sd3_5,fake,sd3_5,fake,1,
B1_PROBE_only,r0a776764t:raise,real,raise,real,1,
B1_PROBE_only,r0a776764t:flux,fake,flux,fake,1,
B1_PROBE_only,r0a776764t:sd3_5,fake,sd3_5,fake,1,
B1_PROBE_only,r072649fdt:raise,real,raise,real,1,
B1_PROBE_only,r072649fdt:flux,fake,flux,fake,1,
B1_PROBE_only,r072649fdt:sd3_5,fake,sd3_5,fake,1,
B1_PROBE_only,r1882b6e6t:raise,real,raise,real,1,
B1_PROBE_only,r1882b6e6t:flux,fake,flux,real,0,
B1_PROBE_only,r1882b6e6t:sd3_5,fake,sd3_5,fake,1,
B1_PROBE_only,r1bca2388t:raise,real,raise,real,1,
B1_PROBE_only,r1bca2388t:flux,fake,flux,fake,1,
B1_PROBE_only,r1bca2388t:sd3_5,fake,sd3_5,fake,1,
B1_PROBE_only,r0af5a8cct:raise,real,raise,real,1,
B1_PROBE_only,r0af5a8cct:flux,fake,flux,fake,1,
B1_PROBE_only,r0af5a8cct:sd3_5,fake,sd3_5,fake,1,
B1_PROBE_only,r07e242b7t:raise,real,raise,real,1,
B1_PROBE_only,r07e242b7t:flux,fake,flux,fake,1,
B1_PROBE_only,r07e242b7t:sd3_5,fake,sd3_5,fake,1,
B1_PROBE_only,r0149a21ct:raise,real,raise,real,1,
B1_PROBE_only,r0149a21ct:flux,fake,flux,fake,1,
B1_PROBE_only,r0149a21ct:sd3_5,fake,sd3_5,fake,1,
B1_PROBE_only,r1e9ae164t:raise,real,raise,real,1,
B1_PROBE_only,r1e9ae164t:flux,fake,flux,fake,1,
B1_PROBE_only,r1e9ae164t:sd3_5,fake,sd3_5,fake,1,
B1_PROBE_only,r017904f0t:raise,real,raise,real,1,
B1_PROBE_only,r017904f0t:flux,fake,flux,fake,1,
B1_PROBE_only,r017904f0t:sd3_5,fake,sd3_5,fake,1,
B1_PROBE_only,r102b4aa4t:raise,real,raise,real,1,
B1_PROBE_only,r102b4aa4t:flux,fake,flux,fake,1,
B1_PROBE_only,r102b4aa4t:sd3_5,fake,sd3_5,fake,1,
B1_PROBE_only,r0ed16e26t:raise,real,raise,real,1,
B1_PROBE_only,r0ed16e26t:flux,fake,flux,fake,1,
B1_PROBE_only,r0ed16e26t:sd3_5,fake,sd3_5,fake,1,
B1_PROBE_only,r1bc23d6et:raise,real,raise,real,1,
B1_PROBE_only,r1bc23d6et:flux,fake,flux,fake,1,
B1_PROBE_only,r1bc23d6et:sd3_5,fake,sd3_5,fake,1,
B1_PROBE_only,r03cef811t:raise,real,raise,real,1,
B1_PROBE_only,r03cef811t:flux,fake,flux,fake,1,
B1_PROBE_only,r03cef811t:sd3_5,fake,sd3_5,fake,1,
B1_PROBE_only,r1efcf847t:raise,real,raise,real,1,
B1_PROBE_only,r1efcf847t:flux,fake,flux,fake,1,
B1_PROBE_only,r1efcf847t:sd3_5,fake,sd3_5,fake,1,
B1_PROBE_only,r1e8e493ct:raise,real,raise,real,1,
B1_PROBE_only,r1e8e493ct:flux,fake,flux,fake,1,
B1_PROBE_only,r1e8e493ct:sd3_5,fake,sd3_5,fake,1,
B1_PROBE_only,r108ba35et:raise,real,raise,real,1,
B1_PROBE_only,r108ba35et:flux,fake,flux,fake,1,
B1_PROBE_only,r108ba35et:sd3_5,fake,sd3_5,fake,1,
B1_PROBE_only,r1ea13eb4t:raise,real,raise,real,1,
B1_PROBE_only,r1ea13eb4t:flux,fake,flux,fake,1,
B1_PROBE_only,r1ea13eb4t:sd3_5,fake,sd3_5,fake,1,
B1_PROBE_only,r082626aft:raise,real,raise,real,1,
B1_PROBE_only,r082626aft:flux,fake,flux,fake,1,
B1_PROBE_only,r082626aft:sd3_5,fake,sd3_5,fake,1,
B1_PROBE_only,r0c6cf00bt:raise,real,raise,real,1,
B1_PROBE_only,r0c6cf00bt:flux,fake,flux,fake,1,
B1_PROBE_only,r0c6cf00bt:sd3_5,fake,sd3_5,fake,1,
B1_PROBE_only,r096982ddt:raise,real,raise,real,1,
B1_PROBE_only,r096982ddt:flux,fake,flux,fake,1,
B1_PROBE_only,r096982ddt:sd3_5,fake,sd3_5,fake,1,
B1_PROBE_only,r0d0ff43at:raise,real,raise,fake,0,
B1_PROBE_only,r0d0ff43at:flux,fake,flux,fake,1,
B1_PROBE_only,r0d0ff43at:sd3_5,fake,sd3_5,fake,1,
B1_PROBE_only,r00c0995ft:raise,real,raise,real,1,
B1_PROBE_only,r00c0995ft:flux,fake,flux,fake,1,
B1_PROBE_only,r00c0995ft:sd3_5,fake,sd3_5,fake,1,
B1_PROBE_only,r198ae140t:raise,real,raise,real,1,
B1_PROBE_only,r198ae140t:flux,fake,flux,fake,1,
B1_PROBE_only,r198ae140t:sd3_5,fake,sd3_5,fake,1,
B1_PROBE_only,r1a499b96t:raise,real,raise,real,1,
B1_PROBE_only,r1a499b96t:flux,fake,flux,fake,1,
B1_PROBE_only,r1a499b96t:sd3_5,fake,sd3_5,fake,1,
B1_PROBE_only,r0a8b59bbt:raise,real,raise,real,1,
B1_PROBE_only,r0a8b59bbt:flux,fake,flux,fake,1,
B1_PROBE_only,r0a8b59bbt:sd3_5,fake,sd3_5,fake,1,
B1_PROBE_only,r170b020bt:raise,real,raise,real,1,
B1_PROBE_only,r170b020bt:flux,fake,flux,fake,1,
B1_PROBE_only,r170b020bt:sd3_5,fake,sd3_5,fake,1,
B1_PROBE_only,r15f16465t:raise,real,raise,real,1,
B1_PROBE_only,r15f16465t:flux,fake,flux,fake,1,
B1_PROBE_only,r15f16465t:sd3_5,fake,sd3_5,fake,1,
B1_PROBE_only,r1cc04f4ft:raise,real,raise,real,1,
B1_PROBE_only,r1cc04f4ft:flux,fake,flux,fake,1,
B1_PROBE_only,r1cc04f4ft:sd3_5,fake,sd3_5,fake,1,
B1_PROBE_only,r06b161adt:raise,real,raise,real,1,
B1_PROBE_only,r06b161adt:flux,fake,flux,fake,1,
B1_PROBE_only,r06b161adt:sd3_5,fake,sd3_5,fake,1,
B1_PROBE_only,r155fe1fat:raise,real,raise,real,1,
B1_PROBE_only,r155fe1fat:flux,fake,flux,fake,1,
B1_PROBE_only,r155fe1fat:sd3_5,fake,sd3_5,fake,1,
B1_PROBE_only,r14bfe6f4t:raise,real,raise,real,1,
B1_PROBE_only,r14bfe6f4t:flux,fake,flux,fake,1,
B1_PROBE_only,r14bfe6f4t:sd3_5,fake,sd3_5,fake,1,
B1_PROBE_only,r14289905t:raise,real,raise,real,1,
B1_PROBE_only,r14289905t:flux,fake,flux,fake,1,
B1_PROBE_only,r14289905t:sd3_5,fake,sd3_5,fake,1,
B1_PROBE_only,r02f5c155t:raise,real,raise,real,1,
B1_PROBE_only,r02f5c155t:flux,fake,flux,fake,1,
B1_PROBE_only,r02f5c155t:sd3_5,fake,sd3_5,fake,1,
B1_PROBE_only,r0d1dd61ft:raise,real,raise,real,1,
B1_PROBE_only,r0d1dd61ft:flux,fake,flux,fake,1,
B1_PROBE_only,r0d1dd61ft:sd3_5,fake,sd3_5,fake,1,
B1_PROBE_only,r17754c77t:raise,real,raise,real,1,
B1_PROBE_only,r17754c77t:flux,fake,flux,fake,1,
B1_PROBE_only,r17754c77t:sd3_5,fake,sd3_5,fake,1,
B1_PROBE_only,r1d1d501et:raise,real,raise,real,1,
B1_PROBE_only,r1d1d501et:flux,fake,flux,fake,1,
B1_PROBE_only,r1d1d501et:sd3_5,fake,sd3_5,fake,1,
B1_PROBE_only,r12638c95t:raise,real,raise,real,1,
B1_PROBE_only,r12638c95t:flux,fake,flux,fake,1,
B1_PROBE_only,r12638c95t:sd3_5,fake,sd3_5,fake,1,
B1_PROBE_only,r072d955bt:raise,real,raise,real,1,
B1_PROBE_only,r072d955bt:flux,fake,flux,fake,1,
B1_PROBE_only,r072d955bt:sd3_5,fake,sd3_5,fake,1,
B1_PROBE_only,r1986e42bt:raise,real,raise,real,1,
B1_PROBE_only,r1986e42bt:flux,fake,flux,fake,1,
B1_PROBE_only,r1986e42bt:sd3_5,fake,sd3_5,fake,1,
B1_PROBE_only,r123ca9b3t:raise,real,raise,real,1,
B1_PROBE_only,r123ca9b3t:flux,fake,flux,fake,1,
B1_PROBE_only,r123ca9b3t:sd3_5,fake,sd3_5,fake,1,
B1_PROBE_only,r1db1c478t:raise,real,raise,real,1,
B1_PROBE_only,r1db1c478t:flux,fake,flux,fake,1,
B1_PROBE_only,r1db1c478t:sd3_5,fake,sd3_5,fake,1,
B1_PROBE_only,r11850456t:raise,real,raise,real,1,
B1_PROBE_only,r11850456t:flux,fake,flux,fake,1,
B1_PROBE_only,r11850456t:sd3_5,fake,sd3_5,fake,1,
B1_PROBE_only,r0f4ece9bt:raise,real,raise,real,1,
B1_PROBE_only,r0f4ece9bt:flux,fake,flux,fake,1,
B1_PROBE_only,r0f4ece9bt:sd3_5,fake,sd3_5,fake,1,
B1_PROBE_only,r1f11809bt:raise,real,raise,real,1,
B1_PROBE_only,r1f11809bt:flux,fake,flux,fake,1,
B1_PROBE_only,r1f11809bt:sd3_5,fake,sd3_5,fake,1,
B1_PROBE_only,r18d1abact:raise,real,raise,real,1,
B1_PROBE_only,r18d1abact:flux,fake,flux,fake,1,
B1_PROBE_only,r18d1abact:sd3_5,fake,sd3_5,fake,1,
B1_PROBE_only,r0676c50at:raise,real,raise,real,1,
B1_PROBE_only,r0676c50at:flux,fake,flux,fake,1,
B1_PROBE_only,r0676c50at:sd3_5,fake,sd3_5,fake,1,
B1_PROBE_only,r1ab0bb20t:raise,real,raise,real,1,
B1_PROBE_only,r1ab0bb20t:flux,fake,flux,fake,1,
B1_PROBE_only,r1ab0bb20t:sd3_5,fake,sd3_5,fake,1,
B1_PROBE_only,r06aa7dabt:raise,real,raise,real,1,
B1_PROBE_only,r06aa7dabt:flux,fake,flux,fake,1,
B1_PROBE_only,r06aa7dabt:sd3_5,fake,sd3_5,fake,1,
B1_PROBE_only,r129f09b4t:raise,real,raise,real,1,
B1_PROBE_only,r129f09b4t:flux,fake,flux,fake,1,
B1_PROBE_only,r129f09b4t:sd3_5,fake,sd3_5,fake,1,
B1_PROBE_only,r0e63ca9ft:raise,real,raise,real,1,
B1_PROBE_only,r0e63ca9ft:flux,fake,flux,fake,1,
B1_PROBE_only,r0e63ca9ft:sd3_5,fake,sd3_5,fake,1,
B1_PROBE_only,r08873591t:raise,real,raise,real,1,
B1_PROBE_only,r08873591t:flux,fake,flux,fake,1,
B1_PROBE_only,r08873591t:sd3_5,fake,sd3_5,fake,1,
B1_PROBE_only,r197770adt:raise,real,raise,real,1,
B1_PROBE_only,r197770adt:flux,fake,flux,fake,1,
B1_PROBE_only,r197770adt:sd3_5,fake,sd3_5,fake,1,
B1_PROBE_only,r03995a8ct:raise,real,raise,real,1,
B1_PROBE_only,r03995a8ct:flux,fake,flux,fake,1,
B1_PROBE_only,r03995a8ct:sd3_5,fake,sd3_5,fake,1,
B1_PROBE_only,r12c64de9t:raise,real,raise,real,1,
B1_PROBE_only,r12c64de9t:flux,fake,flux,fake,1,
B1_PROBE_only,r12c64de9t:sd3_5,fake,sd3_5,fake,1,
B2_forced_all_tools,r04e7644dt:raise,real,raise,real,1,
B2_forced_all_tools,r04e7644dt:flux,fake,flux,fake,1,
B2_forced_all_tools,r04e7644dt:sd3_5,fake,sd3_5,fake,1,
B2_forced_all_tools,r1b2765ebt:raise,real,raise,real,1,
B2_forced_all_tools,r1b2765ebt:flux,fake,flux,fake,1,
B2_forced_all_tools,r1b2765ebt:sd3_5,fake,sd3_5,fake,1,
B2_forced_all_tools,r165fbf4ft:raise,real,raise,real,1,
B2_forced_all_tools,r165fbf4ft:flux,fake,flux,fake,1,
B2_forced_all_tools,r165fbf4ft:sd3_5,fake,sd3_5,fake,1,
B2_forced_all_tools,r15919202t:raise,real,raise,real,1,
B2_forced_all_tools,r15919202t:flux,fake,flux,fake,1,
B2_forced_all_tools,r15919202t:sd3_5,fake,sd3_5,fake,1,
B2_forced_all_tools,r11a7deb7t:raise,real,raise,real,1,
B2_forced_all_tools,r11a7deb7t:flux,fake,flux,,0,"Expecting ',' delimiter: line 1 column 200 (char 199)"
B2_forced_all_tools,r11a7deb7t:sd3_5,fake,sd3_5,fake,1,
B2_forced_all_tools,r1c6b4a23t:raise,real,raise,real,1,
B2_forced_all_tools,r1c6b4a23t:flux,fake,flux,,0,"Expecting ',' delimiter: line 1 column 277 (char 276)"
B2_forced_all_tools,r1c6b4a23t:sd3_5,fake,sd3_5,fake,1,
B2_forced_all_tools,r1639a65ct:raise,real,raise,real,1,
B2_forced_all_tools,r1639a65ct:flux,fake,flux,fake,1,
B2_forced_all_tools,r1639a65ct:sd3_5,fake,sd3_5,fake,1,
B2_forced_all_tools,r10c5fc29t:raise,real,raise,real,1,
B2_forced_all_tools,r10c5fc29t:flux,fake,flux,,0,"Expecting ',' delimiter: line 1 column 234 (char 233)"
B2_forced_all_tools,r10c5fc29t:sd3_5,fake,sd3_5,fake,1,
B2_forced_all_tools,r0e04cc91t:raise,real,raise,real,1,
B2_forced_all_tools,r0e04cc91t:flux,fake,flux,fake,1,
B2_forced_all_tools,r0e04cc91t:sd3_5,fake,sd3_5,fake,1,
B2_forced_all_tools,r1567e512t:raise,real,raise,real,1,
B2_forced_all_tools,r1567e512t:flux,fake,flux,fake,1,
B2_forced_all_tools,r1567e512t:sd3_5,fake,sd3_5,fake,1,
B2_forced_all_tools,r1ef15cb3t:raise,real,raise,real,1,
B2_forced_all_tools,r1ef15cb3t:flux,fake,flux,,0,"Expecting ',' delimiter: line 1 column 230 (char 229)"
B2_forced_all_tools,r1ef15cb3t:sd3_5,fake,sd3_5,fake,1,
B2_forced_all_tools,r07c47354t:raise,real,raise,real,1,
B2_forced_all_tools,r07c47354t:flux,fake,flux,fake,1,
B2_forced_all_tools,r07c47354t:sd3_5,fake,sd3_5,fake,1,
B2_forced_all_tools,r0fa077bet:raise,real,raise,real,1,
B2_forced_all_tools,r0fa077bet:flux,fake,flux,fake,1,
B2_forced_all_tools,r0fa077bet:sd3_5,fake,sd3_5,fake,1,
B2_forced_all_tools,r000da54ft:raise,real,raise,real,1,
B2_forced_all_tools,r000da54ft:flux,fake,flux,real,0,
B2_forced_all_tools,r000da54ft:sd3_5,fake,sd3_5,fake,1,
B2_forced_all_tools,r18d72ab2t:raise,real,raise,real,1,
B2_forced_all_tools,r18d72ab2t:flux,fake,flux,fake,1,
B2_forced_all_tools,r18d72ab2t:sd3_5,fake,sd3_5,fake,1,
B2_forced_all_tools,r08996953t:raise,real,raise,real,1,
B2_forced_all_tools,r08996953t:flux,fake,flux,fake,1,
B2_forced_all_tools,r08996953t:sd3_5,fake,sd3_5,fake,1,
B2_forced_all_tools,r170632f5t:raise,real,raise,real,1,
B2_forced_all_tools,r170632f5t:flux,fake,flux,fake,1,
B2_forced_all_tools,r170632f5t:sd3_5,fake,sd3_5,fake,1,
B2_forced_all_tools,r00b3931bt:raise,real,raise,real,1,
B2_forced_all_tools,r00b3931bt:flux,fake,flux,fake,1,
B2_forced_all_tools,r00b3931bt:sd3_5,fake,sd3_5,fake,1,
B2_forced_all_tools,r1ee6f90et:raise,real,raise,real,1,
B2_forced_all_tools,r1ee6f90et:flux,fake,flux,fake,1,
B2_forced_all_tools,r1ee6f90et:sd3_5,fake,sd3_5,fake,1,
B2_forced_all_tools,r1023c21et:raise,real,raise,real,1,
B2_forced_all_tools,r1023c21et:flux,fake,flux,,0,"Expecting ',' delimiter: line 1 column 226 (char 225)"
B2_forced_all_tools,r1023c21et:sd3_5,fake,sd3_5,fake,1,
B2_forced_all_tools,r1b790721t:raise,real,raise,real,1,
B2_forced_all_tools,r1b790721t:flux,fake,flux,fake,1,
B2_forced_all_tools,r1b790721t:sd3_5,fake,sd3_5,fake,1,
B2_forced_all_tools,r05839451t:raise,real,raise,real,1,
B2_forced_all_tools,r05839451t:flux,fake,flux,fake,1,
B2_forced_all_tools,r05839451t:sd3_5,fake,sd3_5,fake,1,
B2_forced_all_tools,r001d260dt:raise,real,raise,real,1,
B2_forced_all_tools,r001d260dt:flux,fake,flux,fake,1,
B2_forced_all_tools,r001d260dt:sd3_5,fake,sd3_5,real,0,
B2_forced_all_tools,r13934dc7t:raise,real,raise,real,1,
B2_forced_all_tools,r13934dc7t:flux,fake,flux,fake,1,
B2_forced_all_tools,r13934dc7t:sd3_5,fake,sd3_5,fake,1,
B2_forced_all_tools,r0fd69c12t:raise,real,raise,real,1,
B2_forced_all_tools,r0fd69c12t:flux,fake,flux,,0,"Expecting ',' delimiter: line 1 column 234 (char 233)"
B2_forced_all_tools,r0fd69c12t:sd3_5,fake,sd3_5,fake,1,
B2_forced_all_tools,r1b61c7b1t:raise,real,raise,real,1,
B2_forced_all_tools,r1b61c7b1t:flux,fake,flux,fake,1,
B2_forced_all_tools,r1b61c7b1t:sd3_5,fake,sd3_5,fake,1,
B2_forced_all_tools,r0cea5432t:raise,real,raise,real,1,
B2_forced_all_tools,r0cea5432t:flux,fake,flux,fake,1,
B2_forced_all_tools,r0cea5432t:sd3_5,fake,sd3_5,fake,1,
B2_forced_all_tools,r0527f7e6t:raise,real,raise,real,1,
B2_forced_all_tools,r0527f7e6t:flux,fake,flux,fake,1,
B2_forced_all_tools,r0527f7e6t:sd3_5,fake,sd3_5,fake,1,
B2_forced_all_tools,r07df029bt:raise,real,raise,real,1,
B2_forced_all_tools,r07df029bt:flux,fake,flux,real,0,
B2_forced_all_tools,r07df029bt:sd3_5,fake,sd3_5,fake,1,
B2_forced_all_tools,r1b106abdt:raise,real,raise,real,1,
B2_forced_all_tools,r1b106abdt:flux,fake,flux,fake,1,
B2_forced_all_tools,r1b106abdt:sd3_5,fake,sd3_5,fake,1,
B2_forced_all_tools,r08307e1at:raise,real,raise,real,1,
B2_forced_all_tools,r08307e1at:flux,fake,flux,,0,"Expecting ',' delimiter: line 1 column 279 (char 278)"
B2_forced_all_tools,r08307e1at:sd3_5,fake,sd3_5,fake,1,
B2_forced_all_tools,r191488c6t:raise,real,raise,real,1,
B2_forced_all_tools,r191488c6t:flux,fake,flux,fake,1,
B2_forced_all_tools,r191488c6t:sd3_5,fake,sd3_5,fake,1,
B2_forced_all_tools,r0fe270aet:raise,real,raise,real,1,
B2_forced_all_tools,r0fe270aet:flux,fake,flux,fake,1,
B2_forced_all_tools,r0fe270aet:sd3_5,fake,sd3_5,fake,1,
B2_forced_all_tools,r1644d874t:raise,real,raise,real,1,
B2_forced_all_tools,r1644d874t:flux,fake,flux,fake,1,
B2_forced_all_tools,r1644d874t:sd3_5,fake,sd3_5,fake,1,
B2_forced_all_tools,r16509308t:raise,real,raise,real,1,
B2_forced_all_tools,r16509308t:flux,fake,flux,fake,1,
B2_forced_all_tools,r16509308t:sd3_5,fake,sd3_5,fake,1,
B2_forced_all_tools,r164c1e13t:raise,real,raise,real,1,
B2_forced_all_tools,r164c1e13t:flux,fake,flux,fake,1,
B2_forced_all_tools,r164c1e13t:sd3_5,fake,sd3_5,fake,1,
B2_forced_all_tools,r15c91802t:raise,real,raise,real,1,
B2_forced_all_tools,r15c91802t:flux,fake,flux,fake,1,
B2_forced_all_tools,r15c91802t:sd3_5,fake,sd3_5,fake,1,
B2_forced_all_tools,r141669e5t:raise,real,raise,real,1,
B2_forced_all_tools,r141669e5t:flux,fake,flux,fake,1,
B2_forced_all_tools,r141669e5t:sd3_5,fake,sd3_5,fake,1,
B2_forced_all_tools,r133bb357t:raise,real,raise,real,1,
B2_forced_all_tools,r133bb357t:flux,fake,flux,fake,1,
B2_forced_all_tools,r133bb357t:sd3_5,fake,sd3_5,fake,1,
B2_forced_all_tools,r1df374c1t:raise,real,raise,real,1,
B2_forced_all_tools,r1df374c1t:flux,fake,flux,,0,remaining_uncertainty must be a string
B2_forced_all_tools,r1df374c1t:sd3_5,fake,sd3_5,fake,1,
B2_forced_all_tools,r019eb1cbt:raise,real,raise,real,1,
B2_forced_all_tools,r019eb1cbt:flux,fake,flux,fake,1,
B2_forced_all_tools,r019eb1cbt:sd3_5,fake,sd3_5,fake,1,
B2_forced_all_tools,r0db011b4t:raise,real,raise,real,1,
B2_forced_all_tools,r0db011b4t:flux,fake,flux,fake,1,
B2_forced_all_tools,r0db011b4t:sd3_5,fake,sd3_5,fake,1,
B2_forced_all_tools,r09a60f63t:raise,real,raise,real,1,
B2_forced_all_tools,r09a60f63t:flux,fake,flux,fake,1,
B2_forced_all_tools,r09a60f63t:sd3_5,fake,sd3_5,fake,1,
B2_forced_all_tools,r1c99500bt:raise,real,raise,real,1,
B2_forced_all_tools,r1c99500bt:flux,fake,flux,fake,1,
B2_forced_all_tools,r1c99500bt:sd3_5,fake,sd3_5,fake,1,
B2_forced_all_tools,r0ab86ea2t:raise,real,raise,real,1,
B2_forced_all_tools,r0ab86ea2t:flux,fake,flux,fake,1,
B2_forced_all_tools,r0ab86ea2t:sd3_5,fake,sd3_5,fake,1,
B2_forced_all_tools,r12cf98bet:raise,real,raise,real,1,
B2_forced_all_tools,r12cf98bet:flux,fake,flux,,0,"Expecting ',' delimiter: line 1 column 216 (char 215)"
B2_forced_all_tools,r12cf98bet:sd3_5,fake,sd3_5,fake,1,
B2_forced_all_tools,r0a776764t:raise,real,raise,real,1,
B2_forced_all_tools,r0a776764t:flux,fake,flux,fake,1,
B2_forced_all_tools,r0a776764t:sd3_5,fake,sd3_5,fake,1,
B2_forced_all_tools,r072649fdt:raise,real,raise,real,1,
B2_forced_all_tools,r072649fdt:flux,fake,flux,fake,1,
B2_forced_all_tools,r072649fdt:sd3_5,fake,sd3_5,,0,"Expecting ',' delimiter: line 1 column 200 (char 199)"
B2_forced_all_tools,r1882b6e6t:raise,real,raise,real,1,
B2_forced_all_tools,r1882b6e6t:flux,fake,flux,,0,remaining_uncertainty must be a string
B2_forced_all_tools,r1882b6e6t:sd3_5,fake,sd3_5,fake,1,
B2_forced_all_tools,r1bca2388t:raise,real,raise,real,1,
B2_forced_all_tools,r1bca2388t:flux,fake,flux,real,0,
B2_forced_all_tools,r1bca2388t:sd3_5,fake,sd3_5,fake,1,
B2_forced_all_tools,r0af5a8cct:raise,real,raise,real,1,
B2_forced_all_tools,r0af5a8cct:flux,fake,flux,fake,1,
B2_forced_all_tools,r0af5a8cct:sd3_5,fake,sd3_5,fake,1,
B2_forced_all_tools,r07e242b7t:raise,real,raise,real,1,
B2_forced_all_tools,r07e242b7t:flux,fake,flux,fake,1,
B2_forced_all_tools,r07e242b7t:sd3_5,fake,sd3_5,fake,1,
B2_forced_all_tools,r0149a21ct:raise,real,raise,real,1,
B2_forced_all_tools,r0149a21ct:flux,fake,flux,fake,1,
B2_forced_all_tools,r0149a21ct:sd3_5,fake,sd3_5,fake,1,
B2_forced_all_tools,r1e9ae164t:raise,real,raise,real,1,
B2_forced_all_tools,r1e9ae164t:flux,fake,flux,fake,1,
B2_forced_all_tools,r1e9ae164t:sd3_5,fake,sd3_5,fake,1,
B2_forced_all_tools,r017904f0t:raise,real,raise,real,1,
B2_forced_all_tools,r017904f0t:flux,fake,flux,fake,1,
B2_forced_all_tools,r017904f0t:sd3_5,fake,sd3_5,fake,1,
B2_forced_all_tools,r102b4aa4t:raise,real,raise,real,1,
B2_forced_all_tools,r102b4aa4t:flux,fake,flux,fake,1,
B2_forced_all_tools,r102b4aa4t:sd3_5,fake,sd3_5,fake,1,
B2_forced_all_tools,r0ed16e26t:raise,real,raise,real,1,
B2_forced_all_tools,r0ed16e26t:flux,fake,flux,fake,1,
B2_forced_all_tools,r0ed16e26t:sd3_5,fake,sd3_5,fake,1,
B2_forced_all_tools,r1bc23d6et:raise,real,raise,real,1,
B2_forced_all_tools,r1bc23d6et:flux,fake,flux,fake,1,
B2_forced_all_tools,r1bc23d6et:sd3_5,fake,sd3_5,,0,"Expecting ',' delimiter: line 1 column 193 (char 192)"
B2_forced_all_tools,r03cef811t:raise,real,raise,real,1,
B2_forced_all_tools,r03cef811t:flux,fake,flux,fake,1,
B2_forced_all_tools,r03cef811t:sd3_5,fake,sd3_5,,0,"Expecting ',' delimiter: line 1 column 200 (char 199)"
B2_forced_all_tools,r1efcf847t:raise,real,raise,real,1,
B2_forced_all_tools,r1efcf847t:flux,fake,flux,fake,1,
B2_forced_all_tools,r1efcf847t:sd3_5,fake,sd3_5,fake,1,
B2_forced_all_tools,r1e8e493ct:raise,real,raise,real,1,
B2_forced_all_tools,r1e8e493ct:flux,fake,flux,fake,1,
B2_forced_all_tools,r1e8e493ct:sd3_5,fake,sd3_5,fake,1,
B2_forced_all_tools,r108ba35et:raise,real,raise,real,1,
B2_forced_all_tools,r108ba35et:flux,fake,flux,fake,1,
B2_forced_all_tools,r108ba35et:sd3_5,fake,sd3_5,fake,1,
B2_forced_all_tools,r1ea13eb4t:raise,real,raise,real,1,
B2_forced_all_tools,r1ea13eb4t:flux,fake,flux,fake,1,
B2_forced_all_tools,r1ea13eb4t:sd3_5,fake,sd3_5,fake,1,
B2_forced_all_tools,r082626aft:raise,real,raise,real,1,
B2_forced_all_tools,r082626aft:flux,fake,flux,fake,1,
B2_forced_all_tools,r082626aft:sd3_5,fake,sd3_5,fake,1,
B2_forced_all_tools,r0c6cf00bt:raise,real,raise,real,1,
B2_forced_all_tools,r0c6cf00bt:flux,fake,flux,fake,1,
B2_forced_all_tools,r0c6cf00bt:sd3_5,fake,sd3_5,,0,"Expecting ',' delimiter: line 1 column 200 (char 199)"
B2_forced_all_tools,r096982ddt:raise,real,raise,real,1,
B2_forced_all_tools,r096982ddt:flux,fake,flux,fake,1,
B2_forced_all_tools,r096982ddt:sd3_5,fake,sd3_5,fake,1,
B2_forced_all_tools,r0d0ff43at:raise,real,raise,real,1,
B2_forced_all_tools,r0d0ff43at:flux,fake,flux,fake,1,
B2_forced_all_tools,r0d0ff43at:sd3_5,fake,sd3_5,fake,1,
B2_forced_all_tools,r00c0995ft:raise,real,raise,real,1,
B2_forced_all_tools,r00c0995ft:flux,fake,flux,fake,1,
B2_forced_all_tools,r00c0995ft:sd3_5,fake,sd3_5,fake,1,
B2_forced_all_tools,r198ae140t:raise,real,raise,real,1,
B2_forced_all_tools,r198ae140t:flux,fake,flux,fake,1,
B2_forced_all_tools,r198ae140t:sd3_5,fake,sd3_5,fake,1,
B2_forced_all_tools,r1a499b96t:raise,real,raise,fake,0,
B2_forced_all_tools,r1a499b96t:flux,fake,flux,fake,1,
B2_forced_all_tools,r1a499b96t:sd3_5,fake,sd3_5,fake,1,
B2_forced_all_tools,r0a8b59bbt:raise,real,raise,real,1,
B2_forced_all_tools,r0a8b59bbt:flux,fake,flux,fake,1,
B2_forced_all_tools,r0a8b59bbt:sd3_5,fake,sd3_5,fake,1,
B2_forced_all_tools,r170b020bt:raise,real,raise,real,1,
B2_forced_all_tools,r170b020bt:flux,fake,flux,,0,"Expecting ',' delimiter: line 1 column 219 (char 218)"
B2_forced_all_tools,r170b020bt:sd3_5,fake,sd3_5,fake,1,
B2_forced_all_tools,r15f16465t:raise,real,raise,real,1,
B2_forced_all_tools,r15f16465t:flux,fake,flux,fake,1,
B2_forced_all_tools,r15f16465t:sd3_5,fake,sd3_5,fake,1,
B2_forced_all_tools,r1cc04f4ft:raise,real,raise,real,1,
B2_forced_all_tools,r1cc04f4ft:flux,fake,flux,fake,1,
B2_forced_all_tools,r1cc04f4ft:sd3_5,fake,sd3_5,fake,1,
B2_forced_all_tools,r06b161adt:raise,real,raise,real,1,
B2_forced_all_tools,r06b161adt:flux,fake,flux,fake,1,
B2_forced_all_tools,r06b161adt:sd3_5,fake,sd3_5,,0,"Expecting ',' delimiter: line 1 column 200 (char 199)"
B2_forced_all_tools,r155fe1fat:raise,real,raise,real,1,
B2_forced_all_tools,r155fe1fat:flux,fake,flux,fake,1,
B2_forced_all_tools,r155fe1fat:sd3_5,fake,sd3_5,fake,1,
B2_forced_all_tools,r14bfe6f4t:raise,real,raise,real,1,
B2_forced_all_tools,r14bfe6f4t:flux,fake,flux,fake,1,
B2_forced_all_tools,r14bfe6f4t:sd3_5,fake,sd3_5,fake,1,
B2_forced_all_tools,r14289905t:raise,real,raise,real,1,
B2_forced_all_tools,r14289905t:flux,fake,flux,fake,1,
B2_forced_all_tools,r14289905t:sd3_5,fake,sd3_5,fake,1,
B2_forced_all_tools,r02f5c155t:raise,real,raise,real,1,
B2_forced_all_tools,r02f5c155t:flux,fake,flux,fake,1,
B2_forced_all_tools,r02f5c155t:sd3_5,fake,sd3_5,fake,1,
B2_forced_all_tools,r0d1dd61ft:raise,real,raise,real,1,
B2_forced_all_tools,r0d1dd61ft:flux,fake,flux,fake,1,
B2_forced_all_tools,r0d1dd61ft:sd3_5,fake,sd3_5,fake,1,
B2_forced_all_tools,r17754c77t:raise,real,raise,real,1,
B2_forced_all_tools,r17754c77t:flux,fake,flux,fake,1,
B2_forced_all_tools,r17754c77t:sd3_5,fake,sd3_5,fake,1,
B2_forced_all_tools,r1d1d501et:raise,real,raise,real,1,
B2_forced_all_tools,r1d1d501et:flux,fake,flux,,0,"Expecting ',' delimiter: line 1 column 219 (char 218)"
B2_forced_all_tools,r1d1d501et:sd3_5,fake,sd3_5,fake,1,
B2_forced_all_tools,r12638c95t:raise,real,raise,real,1,
B2_forced_all_tools,r12638c95t:flux,fake,flux,fake,1,
B2_forced_all_tools,r12638c95t:sd3_5,fake,sd3_5,fake,1,
B2_forced_all_tools,r072d955bt:raise,real,raise,real,1,
B2_forced_all_tools,r072d955bt:flux,fake,flux,fake,1,
B2_forced_all_tools,r072d955bt:sd3_5,fake,sd3_5,fake,1,
B2_forced_all_tools,r1986e42bt:raise,real,raise,real,1,
B2_forced_all_tools,r1986e42bt:flux,fake,flux,fake,1,
B2_forced_all_tools,r1986e42bt:sd3_5,fake,sd3_5,fake,1,
B2_forced_all_tools,r123ca9b3t:raise,real,raise,real,1,
B2_forced_all_tools,r123ca9b3t:flux,fake,flux,fake,1,
B2_forced_all_tools,r123ca9b3t:sd3_5,fake,sd3_5,fake,1,
B2_forced_all_tools,r1db1c478t:raise,real,raise,fake,0,
B2_forced_all_tools,r1db1c478t:flux,fake,flux,fake,1,
B2_forced_all_tools,r1db1c478t:sd3_5,fake,sd3_5,fake,1,
B2_forced_all_tools,r11850456t:raise,real,raise,real,1,
B2_forced_all_tools,r11850456t:flux,fake,flux,fake,1,
B2_forced_all_tools,r11850456t:sd3_5,fake,sd3_5,fake,1,
B2_forced_all_tools,r0f4ece9bt:raise,real,raise,real,1,
B2_forced_all_tools,r0f4ece9bt:flux,fake,flux,fake,1,
B2_forced_all_tools,r0f4ece9bt:sd3_5,fake,sd3_5,fake,1,
B2_forced_all_tools,r1f11809bt:raise,real,raise,real,1,
B2_forced_all_tools,r1f11809bt:flux,fake,flux,fake,1,
B2_forced_all_tools,r1f11809bt:sd3_5,fake,sd3_5,fake,1,
B2_forced_all_tools,r18d1abact:raise,real,raise,fake,0,
B2_forced_all_tools,r18d1abact:flux,fake,flux,fake,1,
B2_forced_all_tools,r18d1abact:sd3_5,fake,sd3_5,fake,1,
B2_forced_all_tools,r0676c50at:raise,real,raise,real,1,
B2_forced_all_tools,r0676c50at:flux,fake,flux,fake,1,
B2_forced_all_tools,r0676c50at:sd3_5,fake,sd3_5,fake,1,
B2_forced_all_tools,r1ab0bb20t:raise,real,raise,real,1,
B2_forced_all_tools,r1ab0bb20t:flux,fake,flux,fake,1,
B2_forced_all_tools,r1ab0bb20t:sd3_5,fake,sd3_5,fake,1,
B2_forced_all_tools,r06aa7dabt:raise,real,raise,real,1,
B2_forced_all_tools,r06aa7dabt:flux,fake,flux,fake,1,
B2_forced_all_tools,r06aa7dabt:sd3_5,fake,sd3_5,,0,"Expecting ',' delimiter: line 1 column 200 (char 199)"
B2_forced_all_tools,r129f09b4t:raise,real,raise,real,1,
B2_forced_all_tools,r129f09b4t:flux,fake,flux,fake,1,
B2_forced_all_tools,r129f09b4t:sd3_5,fake,sd3_5,fake,1,
B2_forced_all_tools,r0e63ca9ft:raise,real,raise,real,1,
B2_forced_all_tools,r0e63ca9ft:flux,fake,flux,fake,1,
B2_forced_all_tools,r0e63ca9ft:sd3_5,fake,sd3_5,fake,1,
B2_forced_all_tools,r08873591t:raise,real,raise,real,1,
B2_forced_all_tools,r08873591t:flux,fake,flux,fake,1,
B2_forced_all_tools,r08873591t:sd3_5,fake,sd3_5,fake,1,
B2_forced_all_tools,r197770adt:raise,real,raise,real,1,
B2_forced_all_tools,r197770adt:flux,fake,flux,fake,1,
B2_forced_all_tools,r197770adt:sd3_5,fake,sd3_5,fake,1,
B2_forced_all_tools,r03995a8ct:raise,real,raise,real,1,
B2_forced_all_tools,r03995a8ct:flux,fake,flux,fake,1,
B2_forced_all_tools,r03995a8ct:sd3_5,fake,sd3_5,fake,1,
B2_forced_all_tools,r12c64de9t:raise,real,raise,real,1,
B2_forced_all_tools,r12c64de9t:flux,fake,flux,fake,1,
B2_forced_all_tools,r12c64de9t:sd3_5,fake,sd3_5,,0,"Expecting ',' delimiter: line 1 column 234 (char 233)"
B3_actor0_autonomous,r04e7644dt:raise,real,raise,real,1,
B3_actor0_autonomous,r04e7644dt:flux,fake,flux,fake,1,
B3_actor0_autonomous,r04e7644dt:sd3_5,fake,sd3_5,fake,1,
B3_actor0_autonomous,r1b2765ebt:raise,real,raise,real,1,
B3_actor0_autonomous,r1b2765ebt:flux,fake,flux,fake,1,
B3_actor0_autonomous,r1b2765ebt:sd3_5,fake,sd3_5,fake,1,
B3_actor0_autonomous,r165fbf4ft:raise,real,raise,fake,0,
B3_actor0_autonomous,r165fbf4ft:flux,fake,flux,fake,1,
B3_actor0_autonomous,r165fbf4ft:sd3_5,fake,sd3_5,fake,1,
B3_actor0_autonomous,r15919202t:raise,real,raise,real,1,
B3_actor0_autonomous,r15919202t:flux,fake,flux,fake,1,
B3_actor0_autonomous,r15919202t:sd3_5,fake,sd3_5,fake,1,
B3_actor0_autonomous,r11a7deb7t:raise,real,raise,real,1,
B3_actor0_autonomous,r11a7deb7t:flux,fake,flux,fake,1,
B3_actor0_autonomous,r11a7deb7t:sd3_5,fake,sd3_5,fake,1,
B3_actor0_autonomous,r1c6b4a23t:raise,real,raise,real,1,
B3_actor0_autonomous,r1c6b4a23t:flux,fake,flux,fake,1,
B3_actor0_autonomous,r1c6b4a23t:sd3_5,fake,sd3_5,fake,1,
B3_actor0_autonomous,r1639a65ct:raise,real,raise,real,1,
B3_actor0_autonomous,r1639a65ct:flux,fake,flux,fake,1,
B3_actor0_autonomous,r1639a65ct:sd3_5,fake,sd3_5,fake,1,
B3_actor0_autonomous,r10c5fc29t:raise,real,raise,real,1,
B3_actor0_autonomous,r10c5fc29t:flux,fake,flux,fake,1,
B3_actor0_autonomous,r10c5fc29t:sd3_5,fake,sd3_5,fake,1,
B3_actor0_autonomous,r0e04cc91t:raise,real,raise,real,1,
B3_actor0_autonomous,r0e04cc91t:flux,fake,flux,fake,1,
B3_actor0_autonomous,r0e04cc91t:sd3_5,fake,sd3_5,fake,1,
B3_actor0_autonomous,r1567e512t:raise,real,raise,real,1,
B3_actor0_autonomous,r1567e512t:flux,fake,flux,fake,1,
B3_actor0_autonomous,r1567e512t:sd3_5,fake,sd3_5,fake,1,
B3_actor0_autonomous,r1ef15cb3t:raise,real,raise,real,1,
B3_actor0_autonomous,r1ef15cb3t:flux,fake,flux,fake,1,
B3_actor0_autonomous,r1ef15cb3t:sd3_5,fake,sd3_5,fake,1,
B3_actor0_autonomous,r07c47354t:raise,real,raise,real,1,
B3_actor0_autonomous,r07c47354t:flux,fake,flux,fake,1,
B3_actor0_autonomous,r07c47354t:sd3_5,fake,sd3_5,fake,1,
B3_actor0_autonomous,r0fa077bet:raise,real,raise,real,1,
B3_actor0_autonomous,r0fa077bet:flux,fake,flux,fake,1,
B3_actor0_autonomous,r0fa077bet:sd3_5,fake,sd3_5,fake,1,
B3_actor0_autonomous,r000da54ft:raise,real,raise,real,1,
B3_actor0_autonomous,r000da54ft:flux,fake,flux,real,0,
B3_actor0_autonomous,r000da54ft:sd3_5,fake,sd3_5,fake,1,
B3_actor0_autonomous,r18d72ab2t:raise,real,raise,real,1,
B3_actor0_autonomous,r18d72ab2t:flux,fake,flux,fake,1,
B3_actor0_autonomous,r18d72ab2t:sd3_5,fake,sd3_5,fake,1,
B3_actor0_autonomous,r08996953t:raise,real,raise,real,1,
B3_actor0_autonomous,r08996953t:flux,fake,flux,fake,1,
B3_actor0_autonomous,r08996953t:sd3_5,fake,sd3_5,fake,1,
B3_actor0_autonomous,r170632f5t:raise,real,raise,real,1,
B3_actor0_autonomous,r170632f5t:flux,fake,flux,fake,1,
B3_actor0_autonomous,r170632f5t:sd3_5,fake,sd3_5,fake,1,
B3_actor0_autonomous,r00b3931bt:raise,real,raise,real,1,
B3_actor0_autonomous,r00b3931bt:flux,fake,flux,fake,1,
B3_actor0_autonomous,r00b3931bt:sd3_5,fake,sd3_5,fake,1,
B3_actor0_autonomous,r1ee6f90et:raise,real,raise,real,1,
B3_actor0_autonomous,r1ee6f90et:flux,fake,flux,fake,1,
B3_actor0_autonomous,r1ee6f90et:sd3_5,fake,sd3_5,fake,1,
B3_actor0_autonomous,r1023c21et:raise,real,raise,real,1,
B3_actor0_autonomous,r1023c21et:flux,fake,flux,fake,1,
B3_actor0_autonomous,r1023c21et:sd3_5,fake,sd3_5,fake,1,
B3_actor0_autonomous,r1b790721t:raise,real,raise,real,1,
B3_actor0_autonomous,r1b790721t:flux,fake,flux,fake,1,
B3_actor0_autonomous,r1b790721t:sd3_5,fake,sd3_5,fake,1,
B3_actor0_autonomous,r05839451t:raise,real,raise,real,1,
B3_actor0_autonomous,r05839451t:flux,fake,flux,fake,1,
B3_actor0_autonomous,r05839451t:sd3_5,fake,sd3_5,fake,1,
B3_actor0_autonomous,r001d260dt:raise,real,raise,real,1,
B3_actor0_autonomous,r001d260dt:flux,fake,flux,fake,1,
B3_actor0_autonomous,r001d260dt:sd3_5,fake,sd3_5,fake,1,
B3_actor0_autonomous,r13934dc7t:raise,real,raise,real,1,
B3_actor0_autonomous,r13934dc7t:flux,fake,flux,fake,1,
B3_actor0_autonomous,r13934dc7t:sd3_5,fake,sd3_5,fake,1,
B3_actor0_autonomous,r0fd69c12t:raise,real,raise,real,1,
B3_actor0_autonomous,r0fd69c12t:flux,fake,flux,fake,1,
B3_actor0_autonomous,r0fd69c12t:sd3_5,fake,sd3_5,fake,1,
B3_actor0_autonomous,r1b61c7b1t:raise,real,raise,fake,0,
B3_actor0_autonomous,r1b61c7b1t:flux,fake,flux,fake,1,
B3_actor0_autonomous,r1b61c7b1t:sd3_5,fake,sd3_5,fake,1,
B3_actor0_autonomous,r0cea5432t:raise,real,raise,real,1,
B3_actor0_autonomous,r0cea5432t:flux,fake,flux,fake,1,
B3_actor0_autonomous,r0cea5432t:sd3_5,fake,sd3_5,fake,1,
B3_actor0_autonomous,r0527f7e6t:raise,real,raise,real,1,
B3_actor0_autonomous,r0527f7e6t:flux,fake,flux,fake,1,
B3_actor0_autonomous,r0527f7e6t:sd3_5,fake,sd3_5,fake,1,
B3_actor0_autonomous,r07df029bt:raise,real,raise,real,1,
B3_actor0_autonomous,r07df029bt:flux,fake,flux,fake,1,
B3_actor0_autonomous,r07df029bt:sd3_5,fake,sd3_5,fake,1,
B3_actor0_autonomous,r1b106abdt:raise,real,raise,real,1,
B3_actor0_autonomous,r1b106abdt:flux,fake,flux,fake,1,
B3_actor0_autonomous,r1b106abdt:sd3_5,fake,sd3_5,fake,1,
B3_actor0_autonomous,r08307e1at:raise,real,raise,real,1,
B3_actor0_autonomous,r08307e1at:flux,fake,flux,fake,1,
B3_actor0_autonomous,r08307e1at:sd3_5,fake,sd3_5,fake,1,
B3_actor0_autonomous,r191488c6t:raise,real,raise,fake,0,
B3_actor0_autonomous,r191488c6t:flux,fake,flux,fake,1,
B3_actor0_autonomous,r191488c6t:sd3_5,fake,sd3_5,fake,1,
B3_actor0_autonomous,r0fe270aet:raise,real,raise,real,1,
B3_actor0_autonomous,r0fe270aet:flux,fake,flux,fake,1,
B3_actor0_autonomous,r0fe270aet:sd3_5,fake,sd3_5,fake,1,
B3_actor0_autonomous,r1644d874t:raise,real,raise,real,1,
B3_actor0_autonomous,r1644d874t:flux,fake,flux,fake,1,
B3_actor0_autonomous,r1644d874t:sd3_5,fake,sd3_5,fake,1,
B3_actor0_autonomous,r16509308t:raise,real,raise,real,1,
B3_actor0_autonomous,r16509308t:flux,fake,flux,fake,1,
B3_actor0_autonomous,r16509308t:sd3_5,fake,sd3_5,fake,1,
B3_actor0_autonomous,r164c1e13t:raise,real,raise,real,1,
B3_actor0_autonomous,r164c1e13t:flux,fake,flux,fake,1,
B3_actor0_autonomous,r164c1e13t:sd3_5,fake,sd3_5,fake,1,
B3_actor0_autonomous,r15c91802t:raise,real,raise,real,1,
B3_actor0_autonomous,r15c91802t:flux,fake,flux,fake,1,
B3_actor0_autonomous,r15c91802t:sd3_5,fake,sd3_5,fake,1,
B3_actor0_autonomous,r141669e5t:raise,real,raise,real,1,
B3_actor0_autonomous,r141669e5t:flux,fake,flux,fake,1,
B3_actor0_autonomous,r141669e5t:sd3_5,fake,sd3_5,fake,1,
B3_actor0_autonomous,r133bb357t:raise,real,raise,real,1,
B3_actor0_autonomous,r133bb357t:flux,fake,flux,real,0,
B3_actor0_autonomous,r133bb357t:sd3_5,fake,sd3_5,fake,1,
B3_actor0_autonomous,r1df374c1t:raise,real,raise,real,1,
B3_actor0_autonomous,r1df374c1t:flux,fake,flux,fake,1,
B3_actor0_autonomous,r1df374c1t:sd3_5,fake,sd3_5,fake,1,
B3_actor0_autonomous,r019eb1cbt:raise,real,raise,real,1,
B3_actor0_autonomous,r019eb1cbt:flux,fake,flux,fake,1,
B3_actor0_autonomous,r019eb1cbt:sd3_5,fake,sd3_5,fake,1,
B3_actor0_autonomous,r0db011b4t:raise,real,raise,real,1,
B3_actor0_autonomous,r0db011b4t:flux,fake,flux,fake,1,
B3_actor0_autonomous,r0db011b4t:sd3_5,fake,sd3_5,fake,1,
B3_actor0_autonomous,r09a60f63t:raise,real,raise,real,1,
B3_actor0_autonomous,r09a60f63t:flux,fake,flux,fake,1,
B3_actor0_autonomous,r09a60f63t:sd3_5,fake,sd3_5,fake,1,
B3_actor0_autonomous,r1c99500bt:raise,real,raise,real,1,
B3_actor0_autonomous,r1c99500bt:flux,fake,flux,fake,1,
B3_actor0_autonomous,r1c99500bt:sd3_5,fake,sd3_5,fake,1,
B3_actor0_autonomous,r0ab86ea2t:raise,real,raise,real,1,
B3_actor0_autonomous,r0ab86ea2t:flux,fake,flux,fake,1,
B3_actor0_autonomous,r0ab86ea2t:sd3_5,fake,sd3_5,fake,1,
B3_actor0_autonomous,r12cf98bet:raise,real,raise,real,1,
B3_actor0_autonomous,r12cf98bet:flux,fake,flux,fake,1,
B3_actor0_autonomous,r12cf98bet:sd3_5,fake,sd3_5,fake,1,
B3_actor0_autonomous,r0a776764t:raise,real,raise,real,1,
B3_actor0_autonomous,r0a776764t:flux,fake,flux,fake,1,
B3_actor0_autonomous,r0a776764t:sd3_5,fake,sd3_5,fake,1,
B3_actor0_autonomous,r072649fdt:raise,real,raise,real,1,
B3_actor0_autonomous,r072649fdt:flux,fake,flux,fake,1,
B3_actor0_autonomous,r072649fdt:sd3_5,fake,sd3_5,fake,1,
B3_actor0_autonomous,r1882b6e6t:raise,real,raise,real,1,
B3_actor0_autonomous,r1882b6e6t:flux,fake,flux,real,0,
B3_actor0_autonomous,r1882b6e6t:sd3_5,fake,sd3_5,fake,1,
B3_actor0_autonomous,r1bca2388t:raise,real,raise,real,1,
B3_actor0_autonomous,r1bca2388t:flux,fake,flux,fake,1,
B3_actor0_autonomous,r1bca2388t:sd3_5,fake,sd3_5,fake,1,
B3_actor0_autonomous,r0af5a8cct:raise,real,raise,real,1,
B3_actor0_autonomous,r0af5a8cct:flux,fake,flux,fake,1,
B3_actor0_autonomous,r0af5a8cct:sd3_5,fake,sd3_5,fake,1,
B3_actor0_autonomous,r07e242b7t:raise,real,raise,real,1,
B3_actor0_autonomous,r07e242b7t:flux,fake,flux,fake,1,
B3_actor0_autonomous,r07e242b7t:sd3_5,fake,sd3_5,fake,1,
B3_actor0_autonomous,r0149a21ct:raise,real,raise,real,1,
B3_actor0_autonomous,r0149a21ct:flux,fake,flux,fake,1,
B3_actor0_autonomous,r0149a21ct:sd3_5,fake,sd3_5,real,0,
B3_actor0_autonomous,r1e9ae164t:raise,real,raise,real,1,
B3_actor0_autonomous,r1e9ae164t:flux,fake,flux,fake,1,
B3_actor0_autonomous,r1e9ae164t:sd3_5,fake,sd3_5,fake,1,
B3_actor0_autonomous,r017904f0t:raise,real,raise,real,1,
B3_actor0_autonomous,r017904f0t:flux,fake,flux,fake,1,
B3_actor0_autonomous,r017904f0t:sd3_5,fake,sd3_5,fake,1,
B3_actor0_autonomous,r102b4aa4t:raise,real,raise,real,1,
B3_actor0_autonomous,r102b4aa4t:flux,fake,flux,fake,1,
B3_actor0_autonomous,r102b4aa4t:sd3_5,fake,sd3_5,fake,1,
B3_actor0_autonomous,r0ed16e26t:raise,real,raise,real,1,
B3_actor0_autonomous,r0ed16e26t:flux,fake,flux,fake,1,
B3_actor0_autonomous,r0ed16e26t:sd3_5,fake,sd3_5,fake,1,
B3_actor0_autonomous,r1bc23d6et:raise,real,raise,real,1,
B3_actor0_autonomous,r1bc23d6et:flux,fake,flux,fake,1,
B3_actor0_autonomous,r1bc23d6et:sd3_5,fake,sd3_5,fake,1,
B3_actor0_autonomous,r03cef811t:raise,real,raise,real,1,
B3_actor0_autonomous,r03cef811t:flux,fake,flux,fake,1,
B3_actor0_autonomous,r03cef811t:sd3_5,fake,sd3_5,fake,1,
B3_actor0_autonomous,r1efcf847t:raise,real,raise,real,1,
B3_actor0_autonomous,r1efcf847t:flux,fake,flux,fake,1,
B3_actor0_autonomous,r1efcf847t:sd3_5,fake,sd3_5,fake,1,
B3_actor0_autonomous,r1e8e493ct:raise,real,raise,real,1,
B3_actor0_autonomous,r1e8e493ct:flux,fake,flux,fake,1,
B3_actor0_autonomous,r1e8e493ct:sd3_5,fake,sd3_5,fake,1,
B3_actor0_autonomous,r108ba35et:raise,real,raise,real,1,
B3_actor0_autonomous,r108ba35et:flux,fake,flux,fake,1,
B3_actor0_autonomous,r108ba35et:sd3_5,fake,sd3_5,fake,1,
B3_actor0_autonomous,r1ea13eb4t:raise,real,raise,real,1,
B3_actor0_autonomous,r1ea13eb4t:flux,fake,flux,fake,1,
B3_actor0_autonomous,r1ea13eb4t:sd3_5,fake,sd3_5,fake,1,
B3_actor0_autonomous,r082626aft:raise,real,raise,real,1,
B3_actor0_autonomous,r082626aft:flux,fake,flux,fake,1,
B3_actor0_autonomous,r082626aft:sd3_5,fake,sd3_5,fake,1,
B3_actor0_autonomous,r0c6cf00bt:raise,real,raise,real,1,
B3_actor0_autonomous,r0c6cf00bt:flux,fake,flux,fake,1,
B3_actor0_autonomous,r0c6cf00bt:sd3_5,fake,sd3_5,fake,1,
B3_actor0_autonomous,r096982ddt:raise,real,raise,fake,0,
B3_actor0_autonomous,r096982ddt:flux,fake,flux,fake,1,
B3_actor0_autonomous,r096982ddt:sd3_5,fake,sd3_5,fake,1,
B3_actor0_autonomous,r0d0ff43at:raise,real,raise,fake,0,
B3_actor0_autonomous,r0d0ff43at:flux,fake,flux,fake,1,
B3_actor0_autonomous,r0d0ff43at:sd3_5,fake,sd3_5,fake,1,
B3_actor0_autonomous,r00c0995ft:raise,real,raise,real,1,
B3_actor0_autonomous,r00c0995ft:flux,fake,flux,fake,1,
B3_actor0_autonomous,r00c0995ft:sd3_5,fake,sd3_5,fake,1,
B3_actor0_autonomous,r198ae140t:raise,real,raise,real,1,
B3_actor0_autonomous,r198ae140t:flux,fake,flux,fake,1,
B3_actor0_autonomous,r198ae140t:sd3_5,fake,sd3_5,fake,1,
B3_actor0_autonomous,r1a499b96t:raise,real,raise,fake,0,
B3_actor0_autonomous,r1a499b96t:flux,fake,flux,fake,1,
B3_actor0_autonomous,r1a499b96t:sd3_5,fake,sd3_5,fake,1,
B3_actor0_autonomous,r0a8b59bbt:raise,real,raise,real,1,
B3_actor0_autonomous,r0a8b59bbt:flux,fake,flux,fake,1,
B3_actor0_autonomous,r0a8b59bbt:sd3_5,fake,sd3_5,fake,1,
B3_actor0_autonomous,r170b020bt:raise,real,raise,real,1,
B3_actor0_autonomous,r170b020bt:flux,fake,flux,fake,1,
B3_actor0_autonomous,r170b020bt:sd3_5,fake,sd3_5,fake,1,
B3_actor0_autonomous,r15f16465t:raise,real,raise,real,1,
B3_actor0_autonomous,r15f16465t:flux,fake,flux,fake,1,
B3_actor0_autonomous,r15f16465t:sd3_5,fake,sd3_5,fake,1,
B3_actor0_autonomous,r1cc04f4ft:raise,real,raise,real,1,
B3_actor0_autonomous,r1cc04f4ft:flux,fake,flux,fake,1,
B3_actor0_autonomous,r1cc04f4ft:sd3_5,fake,sd3_5,fake,1,
B3_actor0_autonomous,r06b161adt:raise,real,raise,real,1,
B3_actor0_autonomous,r06b161adt:flux,fake,flux,fake,1,
B3_actor0_autonomous,r06b161adt:sd3_5,fake,sd3_5,fake,1,
B3_actor0_autonomous,r155fe1fat:raise,real,raise,real,1,
B3_actor0_autonomous,r155fe1fat:flux,fake,flux,fake,1,
B3_actor0_autonomous,r155fe1fat:sd3_5,fake,sd3_5,fake,1,
B3_actor0_autonomous,r14bfe6f4t:raise,real,raise,real,1,
B3_actor0_autonomous,r14bfe6f4t:flux,fake,flux,fake,1,
B3_actor0_autonomous,r14bfe6f4t:sd3_5,fake,sd3_5,fake,1,
B3_actor0_autonomous,r14289905t:raise,real,raise,real,1,
B3_actor0_autonomous,r14289905t:flux,fake,flux,fake,1,
B3_actor0_autonomous,r14289905t:sd3_5,fake,sd3_5,fake,1,
B3_actor0_autonomous,r02f5c155t:raise,real,raise,fake,0,
B3_actor0_autonomous,r02f5c155t:flux,fake,flux,fake,1,
B3_actor0_autonomous,r02f5c155t:sd3_5,fake,sd3_5,fake,1,
B3_actor0_autonomous,r0d1dd61ft:raise,real,raise,real,1,
B3_actor0_autonomous,r0d1dd61ft:flux,fake,flux,fake,1,
B3_actor0_autonomous,r0d1dd61ft:sd3_5,fake,sd3_5,fake,1,
B3_actor0_autonomous,r17754c77t:raise,real,raise,real,1,
B3_actor0_autonomous,r17754c77t:flux,fake,flux,fake,1,
B3_actor0_autonomous,r17754c77t:sd3_5,fake,sd3_5,fake,1,
B3_actor0_autonomous,r1d1d501et:raise,real,raise,real,1,
B3_actor0_autonomous,r1d1d501et:flux,fake,flux,fake,1,
B3_actor0_autonomous,r1d1d501et:sd3_5,fake,sd3_5,fake,1,
B3_actor0_autonomous,r12638c95t:raise,real,raise,real,1,
B3_actor0_autonomous,r12638c95t:flux,fake,flux,fake,1,
B3_actor0_autonomous,r12638c95t:sd3_5,fake,sd3_5,fake,1,
B3_actor0_autonomous,r072d955bt:raise,real,raise,real,1,
B3_actor0_autonomous,r072d955bt:flux,fake,flux,fake,1,
B3_actor0_autonomous,r072d955bt:sd3_5,fake,sd3_5,real,0,
B3_actor0_autonomous,r1986e42bt:raise,real,raise,real,1,
B3_actor0_autonomous,r1986e42bt:flux,fake,flux,fake,1,
B3_actor0_autonomous,r1986e42bt:sd3_5,fake,sd3_5,fake,1,
B3_actor0_autonomous,r123ca9b3t:raise,real,raise,real,1,
B3_actor0_autonomous,r123ca9b3t:flux,fake,flux,fake,1,
B3_actor0_autonomous,r123ca9b3t:sd3_5,fake,sd3_5,fake,1,
B3_actor0_autonomous,r1db1c478t:raise,real,raise,fake,0,
B3_actor0_autonomous,r1db1c478t:flux,fake,flux,fake,1,
B3_actor0_autonomous,r1db1c478t:sd3_5,fake,sd3_5,fake,1,
B3_actor0_autonomous,r11850456t:raise,real,raise,real,1,
B3_actor0_autonomous,r11850456t:flux,fake,flux,fake,1,
B3_actor0_autonomous,r11850456t:sd3_5,fake,sd3_5,fake,1,
B3_actor0_autonomous,r0f4ece9bt:raise,real,raise,real,1,
B3_actor0_autonomous,r0f4ece9bt:flux,fake,flux,fake,1,
B3_actor0_autonomous,r0f4ece9bt:sd3_5,fake,sd3_5,fake,1,
B3_actor0_autonomous,r1f11809bt:raise,real,raise,real,1,
B3_actor0_autonomous,r1f11809bt:flux,fake,flux,fake,1,
B3_actor0_autonomous,r1f11809bt:sd3_5,fake,sd3_5,fake,1,
B3_actor0_autonomous,r18d1abact:raise,real,raise,fake,0,
B3_actor0_autonomous,r18d1abact:flux,fake,flux,fake,1,
B3_actor0_autonomous,r18d1abact:sd3_5,fake,sd3_5,fake,1,
B3_actor0_autonomous,r0676c50at:raise,real,raise,real,1,
B3_actor0_autonomous,r0676c50at:flux,fake,flux,fake,1,
B3_actor0_autonomous,r0676c50at:sd3_5,fake,sd3_5,fake,1,
B3_actor0_autonomous,r1ab0bb20t:raise,real,raise,real,1,
B3_actor0_autonomous,r1ab0bb20t:flux,fake,flux,fake,1,
B3_actor0_autonomous,r1ab0bb20t:sd3_5,fake,sd3_5,fake,1,
B3_actor0_autonomous,r06aa7dabt:raise,real,raise,real,1,
B3_actor0_autonomous,r06aa7dabt:flux,fake,flux,fake,1,
B3_actor0_autonomous,r06aa7dabt:sd3_5,fake,sd3_5,fake,1,
B3_actor0_autonomous,r129f09b4t:raise,real,raise,real,1,
B3_actor0_autonomous,r129f09b4t:flux,fake,flux,fake,1,
B3_actor0_autonomous,r129f09b4t:sd3_5,fake,sd3_5,fake,1,
B3_actor0_autonomous,r0e63ca9ft:raise,real,raise,real,1,
B3_actor0_autonomous,r0e63ca9ft:flux,fake,flux,fake,1,
B3_actor0_autonomous,r0e63ca9ft:sd3_5,fake,sd3_5,real,0,
B3_actor0_autonomous,r08873591t:raise,real,raise,real,1,
B3_actor0_autonomous,r08873591t:flux,fake,flux,fake,1,
B3_actor0_autonomous,r08873591t:sd3_5,fake,sd3_5,fake,1,
B3_actor0_autonomous,r197770adt:raise,real,raise,real,1,
B3_actor0_autonomous,r197770adt:flux,fake,flux,fake,1,
B3_actor0_autonomous,r197770adt:sd3_5,fake,sd3_5,fake,1,
B3_actor0_autonomous,r03995a8ct:raise,real,raise,real,1,
B3_actor0_autonomous,r03995a8ct:flux,fake,flux,fake,1,
B3_actor0_autonomous,r03995a8ct:sd3_5,fake,sd3_5,fake,1,
B3_actor0_autonomous,r12c64de9t:raise,real,raise,real,1,
B3_actor0_autonomous,r12c64de9t:flux,fake,flux,fake,1,
B3_actor0_autonomous,r12c64de9t:sd3_5,fake,sd3_5,fake,1,
